game,winner,reason,plies,policy_loss,value_loss,max_quiet,max_repeats,q_absmax,q_last,men_w,kings_w,men_b,kings_b
1,W,NoMoves,55,1.47505,1.16389,1,1,1,1,5,1,0,0
2,W,NoMoves,37,1.24773,1.94331,1,1,0.99905,0.99905,8,1,1,0
3,B,NoMoves,60,1.05374,1.96776,2,1,1,1,0,0,2,0
4,B,NoMoves,54,1.19893,1.97697,1,1,1,1,0,0,6,0
5,D,KvK,89,1.25679,1.02962,13,2,0.16661,-0.1,0,1,0,1
6,D,KvK,113,1.45985,0.650456,14,2,0.229242,-0.1,0,1,0,1
7,W,NoMoves,111,1.65055,1.04134,29,2,1,1,0,1,0,0
8,D,NoProgress,166,1.7986,0.0594983,30,2,0.112808,-0.1,0,1,0,2
9,W,NoMoves,39,1.23566,1.11766,1,1,1,1,8,1,0,0
10,B,NoMoves,40,1.1668,1.41395,1,1,0.999851,0.999851,0,0,5,0
11,B,NoMoves,54,1.26932,0.994147,1,1,1,1,0,0,3,0
12,B,NoMoves,48,1.25142,0.944639,0,1,1,1,0,0,6,1
13,D,NoProgress,122,1.75486,0.0295563,30,2,0.165647,-0.1,0,1,0,2
14,B,NoMoves,50,1.32743,1.00987,0,1,1,1,0,0,5,1
15,B,NoMoves,60,1.3605,0.966048,1,1,0.993237,0.992881,1,0,5,1
16,D,NoProgress,167,1.97011,0.0288112,30,2,0.116554,-0.1,0,2,0,1
17,D,NoProgress,142,1.83606,0.00576582,30,2,0.141018,-0.1,0,1,0,2
18,W,NoMoves,41,1.3073,0.947771,1,1,0.999773,0.999773,6,1,0,0
19,W,NoMoves,97,1.58962,0.985987,12,2,0.984892,0.980853,1,1,1,0
20,B,NoMoves,50,1.11694,0.843088,1,1,1,1,0,0,5,1
21,D,NoProgress,115,1.80846,0.0976029,30,2,0.255793,-0.1,0,2,0,1
22,W,NoMoves,61,1.22767,1.09705,1,1,1,1,2,1,0,0
23,B,NoMoves,40,1.19148,0.980091,0,1,1,1,0,0,6,1
24,D,NoProgress,109,1.73141,0.0395155,30,2,0.244354,-0.1,0,2,0,1
25,W,NoMoves,43,1.27957,0.971026,1,1,1,1,5,1,0,0
26,D,NoProgress,199,2.08061,0.02951,30,2,0.134917,-0.1,0,2,0,1
27,B,NoMoves,54,1.27784,0.953237,1,1,1,1,0,0,4,0
28,W,NoMoves,77,1.31396,1.00234,1,1,1,1,3,0,0,0
29,W,NoMoves,77,1.35427,0.868314,15,2,1,1,2,1,0,0
30,D,NoProgress,172,1.86244,0.0258602,30,2,0.14373,-0.1,0,1,0,2
31,W,NoMoves,39,1.43984,0.87073,1,1,0.983234,0.98244,7,2,1,0
32,B,NoMoves,50,1.12794,1.10056,1,1,1,1,0,0,5,0
33,W,NoMoves,75,1.3668,1.24719,1,1,1,1,1,1,0,0
34,B,NoMoves,62,1.39934,0.954485,0,1,1,1,0,0,2,1
35,B,NoMoves,74,1.30278,0.88176,1,1,1,1,0,0,2,0
36,B,NoMoves,96,1.53099,0.964693,14,2,1,1,0,0,1,1
37,W,NoMoves,65,1.16038,0.832162,1,1,1,1,3,0,0,0
38,D,NoProgress,217,1.99139,0.0485872,30,2,0.360255,-0.1,0,1,0,2
39,B,NoMoves,82,1.2448,0.957299,1,1,1,1,0,0,2,0
40,B,NoMoves,58,1.26192,0.658966,1,1,1,1,0,0,3,1
41,W,NoMoves,45,1.16483,1.12439,1,1,1,1,4,1,0,0
42,W,NoMoves,71,1.41451,0.871052,1,1,1,1,4,1,0,0
43,D,NoProgress,191,1.85509,0.135237,30,2,0.396697,-0.1,0,2,0,1
44,W,NoMoves,63,1.28465,0.719621,1,1,1,1,6,0,0,0
45,D,Stale,95,1.4471,0.180921,29,3,0.256618,-0.117824,0,1,1,1
46,D,NoProgress,121,1.61562,0.125679,30,2,0.308526,-0.1,0,1,1,1
47,B,NoMoves,78,1.52885,0.679732,12,2,1,1,0,0,1,1
48,B,NoMoves,82,1.35017,0.962801,1,1,1,1,0,0,1,2
49,D,NoProgress,161,1.79294,0.0676474,30,2,0.398828,-0.1,0,2,0,1
50,B,NoMoves,68,1.31268,0.763748,1,1,0.987984,0.987034,0,0,4,1
51,W,NoMoves,77,1.25825,0.844231,1,1,0.983173,0.980634,3,1,1,0
52,B,NoMoves,66,1.20894,0.995232,0,1,1,1,0,0,2,1
53,D,NoProgress,123,1.60848,0.173755,30,2,0.325169,-0.1,0,2,0,1
54,D,Stale,91,1.68339,0.0321042,30,3,0.198063,-0.0988222,1,1,1,1
55,B,NoMoves,66,1.48267,0.968886,17,2,1,1,0,0,1,1
56,W,NoMoves,115,1.5222,0.887365,26,2,1,1,1,2,0,0
57,D,NoProgress,208,1.9258,0.0601115,30,2,0.500564,-0.1,0,1,0,2
58,B,NoMoves,118,1.5032,1.20384,29,2,1,1,0,0,0,1
59,D,NoProgress,114,1.57253,0.0204069,30,2,0.11365,-0.0969403,1,1,1,1
60,B,NoMoves,68,1.19021,0.907616,1,1,1,1,1,0,5,1
61,D,NoProgress,139,1.73172,0.020777,30,2,0.297344,-0.1,0,2,1,1
62,B,NoMoves,54,1.1719,0.853887,0,1,1,1,0,0,2,2
63,W,NoMoves,89,1.20877,0.8849,1,1,1,1,3,1,0,0
64,B,NoMoves,64,1.1412,0.773351,1,1,0.980774,0.980774,0,0,3,1
65,W,NoMoves,67,1.29819,0.546946,1,1,1,1,5,1,0,0
66,D,Stale,150,1.75941,0.0516101,30,3,0.140005,-0.1,0,1,0,2
67,B,NoMoves,60,1.15548,1.05371,1,1,0.983126,0.981296,1,0,2,1
68,B,NoMoves,76,1.2886,0.769815,7,2,1,1,0,0,3,0
69,B,NoMoves,60,1.05561,1.11471,0,1,1,1,0,0,4,0
70,B,NoMoves,66,1.15518,0.635351,1,1,1,1,0,0,5,0
71,W,NoMoves,53,1.08661,0.684529,1,1,0.998183,0.9978,3,1,0,0
72,W,NoMoves,63,1.08929,1.1269,1,1,1,1,4,1,0,0
73,W,NoMoves,85,1.26599,1.0131,10,1,1,1,1,1,0,0
74,B,NoMoves,64,1.20968,0.8621,1,1,1,1,0,0,2,1
75,W,NoMoves,109,1.62315,0.86768,29,2,1,1,1,1,0,0
76,D,NoProgress,184,1.81222,0.347018,30,2,0.255405,-0.1,0,1,0,2
77,W,NoMoves,81,1.37017,1.06449,7,1,1,1,1,1,0,0
78,D,NoProgress,161,1.83577,0.0443543,30,2,0.306909,-0.1,0,2,0,1
79,D,NoProgress,187,1.90651,0.0116078,30,2,0.117353,-0.1,0,2,0,1
80,B,NoMoves,82,1.32576,0.868879,1,1,0.996229,0.996229,0,0,3,1
81,D,NoProgress,133,1.76036,0.0692796,30,2,0.403949,-0.101531,1,1,1,1
82,W,NoMoves,73,1.23218,0.799489,0,1,1,1,4,0,0,0
83,B,NoMoves,66,1.26426,0.639394,0,1,1,1,0,0,3,1
84,D,KvK,73,1.19361,0.0759417,1,1,0.15418,-0.1,0,1,0,1
85,D,Stale,164,1.72288,0.0939453,28,3,0.397676,-0.122843,0,2,1,1
86,B,NoMoves,104,1.42355,1.0505,23,2,1,1,0,0,2,1
87,W,NoMoves,65,1.18173,0.89319,1,1,1,1,4,1,0,0
88,B,NoMoves,68,1.21503,0.764674,1,1,1,1,0,0,4,1
89,D,NoProgress,222,1.89532,0.0656356,30,2,0.428068,-0.1,0,1,0,2
90,W,NoMoves,77,1.19744,0.94027,2,1,1,1,1,2,0,0
91,D,NoProgress,145,1.66773,0.101184,30,2,0.31918,-0.1,0,2,0,1
92,D,NoProgress,108,1.62266,0.029285,30,2,0.121661,-0.1,0,1,0,2
93,D,NoProgress,132,1.52229,0.0106397,30,2,0.207921,-0.1,1,1,0,1
94,D,Stale,68,1.20183,0.00874901,8,3,0.186979,-0.133949,3,1,2,1
95,W,NoMoves,119,1.43242,0.886092,28,2,1,1,1,0,0,0
96,B,NoMoves,80,1.08523,0.885888,1,1,1,1,0,0,2,0
97,B,NoMoves,64,1.12574,0.85809,0,1,1,1,0,0,3,0
98,D,NoProgress,142,1.70946,0.102037,30,2,0.457301,-0.1,0,1,0,2
99,B,NoMoves,78,1.22658,0.751117,3,1,0.985439,0.981839,0,0,3,1
100,D,NoProgress,155,1.51249,0.0952413,30,2,0.361581,-0.1,1,1,1,1
101,D,NoProgress,105,1.36741,0.0804546,30,2,0.32145,-0.0995971,1,1,0,1
102,W,NoMoves,67,1.00034,0.891412,1,1,0.984677,0.981625,2,1,0,0
103,B,NoMoves,90,1.08054,0.800475,4,1,1,1,0,0,3,1
104,W,NoMoves,83,1.03606,0.888751,1,1,1,1,2,1,0,0
105,D,NoProgress,155,1.61077,0.0551916,30,2,0.274043,-0.1,0,2,0,1
106,B,NoMoves,98,1.28492,0.850501,7,2,1,1,0,0,3,1
107,D,Stale,125,1.67069,0.0455641,23,3,0.124506,-0.124506,2,1,2,1
108,D,NoProgress,138,1.65381,0.0657434,30,2,0.601312,-0.1,0,1,0,2
109,W,NoMoves,75,1.39097,0.982088,4,1,1,1,1,1,0,0
110,D,NoProgress,151,1.60491,0.0566118,30,2,0.401834,-0.1,0,2,0,1
111,D,NoProgress,192,1.74745,0.0145476,30,2,0.260036,-0.1,0,1,0,2
112,W,NoMoves,69,1.1171,0.949496,5,1,1,1,2,1,0,0
113,B,NoMoves,94,1.30176,0.882786,12,2,1,1,0,0,2,1
114,B,NoMoves,64,0.997763,0.741176,1,1,1,1,0,0,4,1
115,D,KvK,72,0.975782,0.0827782,1,1,0.196694,-0.1,0,1,0,1
116,W,NoMoves,63,0.977703,0.939223,1,1,0.9855,0.981845,2,1,0,0
117,D,NoProgress,171,1.58654,0.0989024,30,2,0.37109,-0.1,0,2,0,1
118,B,NoMoves,86,1.38865,0.976744,18,2,1,1,0,0,2,1
119,W,NoMoves,85,1.13331,0.917189,8,2,1,1,2,1,0,0
120,W,NoMoves,113,1.46116,0.876058,18,2,1,1,3,1,0,0
121,B,NoMoves,78,1.00701,0.914422,1,1,1,1,0,0,2,1
122,W,NoMoves,77,1.1711,0.796067,1,1,1,1,3,1,0,0
123,W,NoMoves,83,1.05259,0.596214,1,1,1,1,4,1,0,0
124,W,NoMoves,63,1.05609,0.636686,0,1,1,1,3,1,0,0
125,D,Stale,133,1.43023,0.284414,27,3,0.752799,-0.117208,1,1,1,1
126,B,NoMoves,90,1.42616,1.00685,5,1,1,1,0,0,1,1
127,D,NoProgress,164,1.51398,0.44067,30,2,0.768512,-0.1,0,1,0,2
128,B,NoMoves,70,1.16154,0.750523,3,1,1,1,0,0,2,2
129,D,Stale,174,1.69428,0.334176,28,3,0.87775,-0.136323,0,2,0,1
130,B,NoMoves,58,1.1692,0.95673,5,1,1,1,0,0,2,1
131,W,NoMoves,79,1.03414,0.87585,2,1,1,1,1,1,0,0
132,D,NoProgress,138,1.61753,0.0490559,30,2,0.37437,-0.1,0,1,0,2
133,W,NoMoves,75,1.05326,1.22186,2,1,0.976754,0.976754,0,1,1,0
134,W,NoMoves,63,1.11223,0.774455,1,1,1,1,5,1,0,0
135,B,NoMoves,58,1.10844,0.808571,1,1,1,1,0,0,4,1
136,D,NoProgress,228,1.85425,0.127243,30,2,0.511422,-0.1,0,1,0,2
137,B,NoMoves,68,1.22607,0.902884,1,1,1,1,0,0,1,1
138,W,NoMoves,79,1.26193,0.674471,1,1,1,1,3,0,0,0
139,D,Stale,104,1.47473,0.0756784,16,3,0.219829,-0.132713,0,2,0,1
140,B,NoMoves,66,1.0799,0.772033,1,1,1,1,0,0,4,1
141,D,NoProgress,174,1.70645,0.219068,30,2,0.550312,-0.1,0,1,0,2
142,W,NoMoves,75,1.24465,0.716625,1,1,1,1,3,1,0,0
143,B,NoMoves,78,1.35024,1.0196,8,1,1,1,0,0,3,0
144,B,NoMoves,70,0.961,0.738606,1,1,1,1,0,0,2,0
145,W,NoMoves,95,1.52178,0.512969,2,1,1,1,3,2,0,0
146,W,NoMoves,75,1.19254,0.710335,1,1,1,1,2,1,0,0
147,W,NoMoves,65,1.19887,0.665986,0,1,1,1,3,1,0,0
148,B,NoMoves,90,1.25168,1.43514,21,2,1,1,0,0,1,1
149,W,NoMoves,75,1.11531,0.685611,0,1,1,1,4,0,0,0
150,D,NoProgress,149,1.63405,0.304058,30,2,0.513894,-0.103423,1,1,0,1
151,D,NoProgress,171,1.69845,0.0838959,30,2,0.298366,-0.1,0,2,0,1
152,W,NoMoves,75,1.08532,0.885384,1,1,1,1,3,1,0,0
153,D,NoProgress,169,1.65313,0.0355718,30,2,0.225191,-0.100702,1,1,1,1
154,D,Stale,198,1.6658,0.0631197,29,3,0.307724,-0.128824,0,2,0,1
155,W,NoMoves,67,1.09543,0.762158,1,1,1,1,4,1,0,0
156,D,Stale,133,1.48141,0.0626349,17,3,0.396887,-0.118715,0,1,1,1
157,B,NoMoves,100,1.10221,0.904054,5,1,1,1,0,0,1,1
158,D,Stale,140,1.59961,0.097479,30,3,0.378429,-0.1,0,1,0,2
159,B,NoMoves,74,1.15129,0.660898,1,1,1,1,0,0,5,1
160,B,NoMoves,102,1.28754,0.637979,8,2,1,1,0,0,0,1
161,W,NoMoves,129,1.53755,0.690474,28,2,1,1,0,2,0,0
162,W,NoMoves,61,1.17357,0.935519,1,1,1,1,2,1,1,0
163,B,NoMoves,116,1.49404,1.28178,29,2,1,1,0,0,0,1
164,W,NoMoves,157,1.60652,0.865503,23,2,1,1,0,2,0,0
165,D,Stale,128,1.44278,0.100201,29,3,0.674053,-0.120534,1,1,0,1
166,D,Stale,160,1.43339,0.0409945,29,3,0.288109,-0.0957253,1,1,0,1
167,D,NoProgress,159,1.60397,0.0627336,30,2,0.429569,-0.1,0,2,0,1
168,W,NoMoves,57,1.11841,0.918265,1,1,1,1,5,1,3,0
169,D,NoProgress,182,1.68469,0.0893273,30,2,0.425993,-0.1,0,1,0,2
170,B,NoMoves,80,1.15781,0.775398,1,1,1,1,0,0,5,1
171,W,NoMoves,131,1.58239,0.702166,15,2,0.977185,0.977185,2,1,0,0
172,B,NoMoves,56,1.1526,0.522402,0,1,1,1,0,0,6,1
173,B,NoMoves,48,1.15822,0.591811,0,1,1,1,0,0,7,1
174,B,NoMoves,84,1.05417,0.91772,1,1,1,1,0,0,3,1
175,W,NoMoves,79,1.18498,1.1893,6,1,1,1,2,1,0,0
176,D,NoProgress,113,1.5185,0.158072,30,2,0.525683,-0.1,0,1,1,1
177,D,KvK,126,1.35188,0.0411092,5,1,0.319326,-0.1,0,1,0,1
178,D,NoProgress,182,1.60232,0.0519765,30,2,0.479178,-0.1,0,1,0,2
179,D,NoProgress,254,1.7619,0.00946379,30,2,0.148583,-0.1,0,1,0,2
180,B,NoMoves,226,1.74588,1.19452,27,2,0.976055,0.975931,1,0,0,1
181,B,NoMoves,68,1.09315,0.989927,1,1,1,1,1,0,3,0
182,D,NoProgress,208,1.71363,0.010087,30,2,0.206661,-0.1,0,1,0,2
183,B,NoMoves,136,1.50659,0.999633,27,2,1,1,0,0,0,1
184,B,NoMoves,86,1.24287,0.838883,10,2,1,1,0,0,3,1
185,D,NoProgress,180,1.677,0.0301712,30,2,0.347619,-0.1,0,1,0,2
186,B,NoMoves,60,1.22923,0.804702,1,1,1,1,0,0,6,1
187,B,NoMoves,64,1.03768,0.971171,0,1,0.974936,0.974936,0,0,2,1
188,D,NoProgress,142,1.60495,0.0467754,30,2,0.324429,-0.1,0,1,0,2
189,B,NoMoves,108,1.3381,0.913946,13,1,1,1,0,0,0,2
190,D,NoProgress,282,1.72845,0.0365335,30,2,0.312921,-0.1,0,1,0,2
191,D,NoProgress,181,1.57064,0.0101211,30,2,0.138539,-0.1,0,2,0,1
192,D,NoProgress,210,1.71237,0.00724463,30,2,0.122941,-0.1,0,1,0,2
193,D,Stale,117,1.49593,0.00579039,17,3,0.125633,-0.125633,1,1,0,2
194,D,NoProgress,146,1.59161,0.0076434,30,2,0.122242,-0.1,0,1,0,2
195,B,NoMoves,64,1.1486,0.955253,1,1,1,1,0,0,3,2
196,B,NoMoves,118,1.3863,0.944153,27,2,1,1,0,0,0,1
197,W,NoMoves,85,1.08959,0.766651,6,1,1,1,3,0,0,0
198,D,NoProgress,172,1.41613,0.0336191,30,2,0.157961,-0.1,0,1,0,2
199,W,NoMoves,65,1.03679,0.765556,0,1,1,1,5,0,1,0
200,B,NoMoves,72,0.842523,1.08371,0,1,1,1,1,0,5,1
201,B,NoMoves,82,1.07118,1.38167,1,1,1,1,0,0,3,1
202,D,NoProgress,181,1.5629,0.0142892,30,2,0.118962,-0.0999293,1,1,0,1
203,W,NoMoves,75,1.0084,0.991103,1,1,1,1,0,1,0,0
204,B,NoMoves,98,1.15016,1.03821,9,2,1,1,0,0,0,1
205,B,NoMoves,126,1.43878,1.01145,23,2,1,1,0,0,0,1
206,W,NoMoves,95,1.14963,0.983736,1,1,1,1,1,1,0,0
207,D,NoProgress,222,1.668,0.0134713,30,2,0.128924,-0.1,0,1,0,2
208,D,NoProgress,194,1.58331,0.00586783,30,2,0.107893,-0.1,0,1,0,2
209,W,NoMoves,95,1.13268,0.976039,1,1,1,1,1,1,0,0
210,W,NoMoves,81,1.11953,0.99592,1,1,1,1,3,1,1,0
211,W,NoMoves,91,1.10766,0.921104,2,1,1,1,3,0,0,0
212,W,NoMoves,73,1.14303,0.751076,1,1,1,1,4,2,0,0
213,B,NoMoves,72,1.12863,0.894249,1,1,1,1,3,0,4,0
214,D,Stale,168,1.65261,0.0469075,30,3,0.418002,-0.1,0,1,0,2
215,W,NoMoves,71,1.0989,0.717152,1,1,1,1,3,1,0,0
216,W,NoMoves,93,1.15009,1.271,7,1,1,1,1,2,0,0
217,D,NoProgress,185,1.60256,0.0815835,30,2,0.600589,-0.1,0,2,0,1
218,B,NoMoves,88,1.1311,0.79892,1,1,1,1,1,0,3,0
219,W,NoMoves,139,1.4467,0.897027,13,2,1,1,0,2,0,0
220,D,Stale,315,1.73723,0.179615,30,3,0.771844,-0.1,0,2,0,1
221,W,NoMoves,75,1.06304,0.728467,1,1,1,1,4,1,0,0
222,W,NoMoves,75,0.931478,0.826576,0,1,1,1,2,0,0,0
223,W,NoMoves,91,1.04028,0.785459,1,1,1,1,4,1,0,0
224,B,NoMoves,94,1.05951,1.04842,4,1,1,1,0,0,0,1
225,W,NoMoves,69,1.0855,0.567511,0,1,1,1,3,1,0,0
226,B,NoMoves,60,0.906275,0.814419,1,1,1,1,0,0,2,1
227,W,NoMoves,209,1.70238,2.09523,28,2,1,1,0,1,0,0
228,D,Stale,140,1.52211,0.0178321,30,3,0.106897,-0.1,0,1,0,2
229,D,Stale,116,1.46811,0.010228,29,3,0.179464,-0.111031,0,2,0,1
230,W,NoMoves,71,1.09328,0.903947,1,1,1,1,4,1,1,0
231,W,NoMoves,79,1.05443,0.970188,3,1,0.978105,0.978105,1,1,1,0
232,B,NoMoves,88,1.13084,0.997914,1,1,0.975521,0.975521,0,0,0,1
233,D,Stale,161,1.54756,0.0153175,30,3,0.116716,-0.1,0,2,0,1
234,W,NoMoves,121,1.37598,1.03638,28,2,1,1,2,1,0,0
235,B,NoMoves,86,1.19579,0.944754,2,1,1,1,0,0,3,1
236,D,NoProgress,199,1.59794,0.0198953,30,2,0.247139,-0.1,0,2,0,1
237,W,NoMoves,93,1.17018,0.903158,4,1,1,1,3,0,0,0
238,D,Stale,144,1.37016,0.0174234,15,3,0.182203,-0.0988591,0,2,0,1
239,B,NoMoves,86,1.02035,1.0089,1,1,1,1,0,0,2,1
240,B,NoMoves,78,0.885276,0.955031,1,1,1,1,0,0,4,1
241,B,NoMoves,68,1.23684,0.558538,1,1,1,1,0,0,4,1
242,B,NoMoves,54,1.09931,0.804638,0,1,1,1,0,0,5,0
243,B,NoMoves,42,1.31876,0.605824,1,1,1,1,3,0,8,1
244,W,NoMoves,69,1.03554,0.727948,1,1,1,1,2,2,0,0
245,D,Stale,110,1.25532,0.77135,30,3,0.242018,-0.109369,1,1,1,1
246,W,NoMoves,127,1.36982,0.972314,27,2,1,1,3,0,0,0
247,D,NoProgress,155,1.46014,0.0850413,30,2,0.433761,-0.1,0,2,0,1
248,B,NoMoves,66,1.22734,0.716826,1,1,1,1,0,0,3,1
249,W,NoMoves,67,1.38723,0.441934,1,1,1,1,4,1,0,0
250,W,NoMoves,85,1.17636,0.651072,1,1,1,1,1,2,0,0
251,D,NoProgress,149,1.4239,0.634274,30,2,0.726124,-0.1,0,2,0,1
252,D,NoProgress,221,1.52194,0.341452,30,2,0.608909,-0.1,0,2,0,1
253,B,NoMoves,80,1.38934,1.32036,2,1,1,1,0,0,1,1
254,W,NoMoves,65,1.26243,1.08031,1,1,1,1,4,1,0,0
255,B,NoMoves,122,1.64584,0.813445,22,2,1,1,0,0,1,1
256,W,NoMoves,103,1.35062,1.058,4,1,1,1,1,1,0,0
257,W,NoMoves,55,1.24204,0.889447,1,1,1,1,6,1,0,0
258,D,NoProgress,177,1.63473,0.0960515,30,2,0.40177,-0.1,0,2,0,1
259,W,NoMoves,69,1.19216,0.787954,1,1,1,1,5,1,0,0
260,B,NoMoves,70,1.28015,0.961204,1,1,1,1,1,0,5,1
261,W,NoMoves,79,1.30085,0.908702,2,1,1,1,6,1,0,0
262,W,NoMoves,59,1.10278,0.790871,1,1,1,1,5,1,0,0
263,B,NoMoves,72,1.1929,0.826173,1,1,1,1,0,0,3,0
264,W,NoMoves,207,1.67065,0.367565,27,2,1,1,2,0,0,0
265,B,NoMoves,70,1.15018,0.74473,1,1,1,1,0,0,4,1
266,B,NoMoves,58,1.11982,0.81053,1,1,1,1,0,0,3,1
267,B,NoMoves,94,1.3102,1.25797,3,1,1,1,0,0,0,1
268,W,NoMoves,87,1.19295,0.937683,1,1,1,1,2,1,0,0
269,D,KvK,109,1.43378,0.0712694,17,2,0.25202,-0.1,0,1,0,1
270,W,NoMoves,71,1.34313,1.04288,1,1,1,1,3,1,0,0
271,D,NoProgress,187,1.52958,0.0344103,30,2,0.262652,-0.1,0,2,0,1
272,B,NoMoves,64,1.05187,0.660972,0,1,1,1,1,0,7,0
273,D,KvK,112,1.38431,0.0948334,9,2,0.375196,-0.1,0,1,0,1
274,B,NoMoves,82,1.14516,0.79232,1,1,1,1,1,0,3,1
275,B,NoMoves,76,1.20616,0.9024,3,1,1,1,0,0,2,1
276,D,NoProgress,181,1.6915,0.109204,30,2,0.5321,-0.1,0,2,0,1
277,D,Stale,122,1.52248,0.0408824,23,3,0.323372,-0.136545,1,1,0,1
278,W,NoMoves,91,1.26194,1.19178,5,1,0.983497,0.983497,0,1,0,0
279,D,Stale,109,1.30891,0.0121036,8,3,0.176917,-0.0957484,0,1,1,1
280,B,NoMoves,60,0.999526,0.965044,0,1,1,1,1,0,5,1
281,B,NoMoves,66,1.10578,0.896896,1,1,1,1,0,0,4,0
282,W,NoMoves,59,1.14884,0.859547,1,1,1,1,6,1,0,0
283,W,NoMoves,217,1.78786,0.574054,28,2,1,1,1,2,0,0
284,W,NoMoves,67,1.05573,0.703329,1,1,1,1,4,1,0,0
285,D,Stale,191,1.66389,0.131167,29,3,0.538238,-0.122943,0,1,1,1
286,B,NoMoves,136,1.52366,0.970228,16,2,1,1,0,0,1,0
287,W,NoMoves,55,0.944371,1.03812,0,1,1,1,3,1,0,0
288,W,NoMoves,71,0.983205,1.02584,1,1,1,1,2,2,1,0
289,B,NoMoves,68,1.26974,0.879997,1,1,1,1,0,0,7,0
290,W,NoMoves,67,1.06029,0.89975,1,1,0.990244,0.990244,5,1,0,0
291,W,NoMoves,49,1.05488,0.611245,1,1,1,1,5,0,0,0
292,D,Stale,152,1.50519,0.111142,29,3,0.562554,-0.125128,1,1,0,1
293,W,NoMoves,73,1.20243,0.642505,1,1,0.999843,0.999843,2,0,0,0
294,D,Stale,110,1.32414,0.0770371,13,3,0.392856,-0.111007,1,1,0,1
295,B,NoMoves,76,1.02762,0.90742,0,1,0.984945,0.984945,0,0,2,1
296,D,NoProgress,256,1.61688,0.247406,30,2,0.745766,-0.1,0,1,0,2
297,D,NoProgress,154,1.3903,0.0174902,30,2,0.18027,-0.1,0,1,0,2
298,B,NoMoves,82,1.19862,1.01132,1,1,1,1,1,0,2,2
299,W,NoMoves,67,0.860247,0.984276,1,1,1,1,2,1,0,0
300,W,NoMoves,175,1.58818,0.873031,27,2,1,1,0,2,0,0
301,W,NoMoves,201,1.41653,0.993823,29,2,1,1,0,2,0,0
302,W,NoMoves,141,1.34491,1.07813,27,2,1,1,0,2,0,0
303,D,NoProgress,181,1.44952,0.0191999,30,2,0.227659,-0.1,0,2,0,1
304,W,NoMoves,77,1.01019,0.817614,1,1,1,1,3,1,1,0
305,B,NoMoves,194,1.48271,0.698926,28,2,1,1,0,0,0,2
306,D,NoProgress,123,1.34108,0.070533,30,2,0.20863,-0.101275,2,1,1,1
307,B,NoMoves,68,0.871233,0.658498,1,1,1,1,0,0,3,1
308,D,NoProgress,173,1.47053,0.0565322,30,2,0.315551,-0.1,0,2,0,1
309,D,Stale,120,1.20308,0.0397489,12,3,0.199296,-0.101434,1,1,1,1
310,W,NoMoves,131,1.39093,0.672594,25,2,1,1,1,2,0,0
311,D,NoProgress,187,1.5765,0.235417,30,2,0.787104,-0.1,0,1,1,1
312,D,KvK,111,1.35743,0.0486072,18,2,0.33333,-0.1,0,1,0,1
313,D,Stale,184,1.3699,0.0183209,29,3,0.181891,-0.128653,0,2,0,1
314,W,NoMoves,79,0.857236,0.916184,0,1,1,1,4,0,0,0
315,W,NoMoves,91,0.934678,1.04099,11,2,1,1,0,2,0,0
316,B,NoMoves,74,0.92855,0.96288,2,1,1,1,0,0,1,1
317,D,NoProgress,157,1.30064,0.0192892,30,2,0.165679,-0.1,0,2,0,1
318,D,NoProgress,182,1.51325,0.0471459,30,2,0.370719,-0.1,0,1,0,2
319,B,NoMoves,62,1.00608,0.786244,1,1,1,1,0,0,8,0
320,D,NoProgress,164,1.29086,0.0477142,30,2,0.454164,-0.1,0,1,0,2
321,B,NoMoves,136,1.36767,0.775837,27,2,1,1,0,0,0,2
322,D,NoProgress,146,1.32366,0.0560935,30,2,0.4904,-0.101659,1,1,1,1
323,B,NoMoves,106,1.08432,0.750151,13,1,1,1,0,0,0,2
324,B,NoMoves,130,1.31175,0.679746,26,2,1,1,0,0,0,2
325,D,Stale,169,1.37268,0.205656,28,3,0.726467,-0.0960677,1,1,1,1
326,B,NoMoves,70,0.810774,0.884068,0,1,1,1,1,0,4,0
327,D,NoProgress,125,1.11431,0.0385964,30,2,0.183421,-0.1,0,2,0,1
328,D,NoProgress,145,1.37312,0.0493376,30,2,0.417052,-0.1,1,1,1,1
329,D,Stale,90,0.881588,0.0149188,16,3,0.0967422,-0.0967422,1,1,0,1
330,D,NoProgress,212,1.60396,0.10055,30,2,0.63078,-0.1,0,1,0,2
331,W,NoMoves,79,1.10333,1.0932,3,1,1,1,0,1,0,0
332,D,NoProgress,170,1.32247,0.0336107,30,2,0.243686,-0.1,0,1,0,2
333,B,NoMoves,86,0.852252,0.861311,1,1,1,1,0,0,1,1
334,B,NoMoves,68,0.799096,0.820095,1,1,1,1,0,0,4,1
335,D,NoProgress,348,1.74268,0.159015,30,2,0.669869,-0.1,0,1,0,2
336,B,NoMoves,100,1.44248,0.731089,23,2,1,1,0,0,5,1
337,D,Stale,237,1.52981,0.0604536,30,3,0.550905,-0.1,0,2,0,1
338,B,NoMoves,68,0.825096,0.777425,1,1,1,1,0,0,4,1
339,B,NoMoves,52,0.995203,0.763656,1,1,1,1,0,0,5,2
340,B,NoMoves,158,1.4209,0.557403,28,2,0.981544,0.979065,1,0,1,1
341,D,NoProgress,232,1.57941,0.207297,30,2,0.682043,-0.1,0,1,0,2
342,D,Stale,123,1.4792,0.061563,25,3,0.256542,-0.14008,1,1,1,2
343,D,NoProgress,117,1.21785,0.0188113,30,2,0.19995,-0.1,1,1,1,1
344,B,NoMoves,60,0.900503,0.897846,0,1,0.987389,0.987389,1,0,5,1
345,B,NoMoves,86,1.21151,0.877156,10,1,0.976017,0.976017,0,0,0,1
346,D,Stale,208,1.48088,0.085133,28,3,0.478119,-0.0730831,0,1,0,2
347,B,NoMoves,60,1.05394,0.778004,0,1,1,1,1,0,9,0
348,D,Stale,78,1.10392,0.0982808,9,3,0.222218,-0.138731,1,2,1,1
349,B,NoMoves,76,0.958777,0.976068,0,1,1,1,0,0,1,1
350,B,NoMoves,98,1.14254,0.799629,4,1,1,1,0,0,1,1
351,B,NoMoves,198,1.40855,0.639663,28,2,1,1,0,0,0,2
352,B,NoMoves,54,0.945633,0.753983,1,1,0.999995,0.999995,1,0,7,1
353,W,NoMoves,111,1.30255,1.28658,10,2,1,1,2,1,0,0
354,D,NoProgress,138,1.35468,0.165883,30,2,0.525983,-0.1,0,1,0,2
355,B,NoMoves,178,1.24986,0.786934,27,2,1,1,0,0,0,2
356,D,NoProgress,144,1.46039,0.0870449,30,2,0.415911,-0.1023,1,1,1,1
357,D,Stale,197,1.65544,0.1052,28,3,0.525313,-0.130751,0,1,0,2
358,B,NoMoves,68,0.940871,0.699512,0,1,1,1,0,0,5,2
359,B,NoMoves,100,1.26233,0.734506,27,1,1,1,0,0,1,2
360,D,Stale,238,1.69644,0.126085,30,3,0.581499,-0.1,0,1,0,2
361,B,NoMoves,162,1.47764,0.773199,27,2,1,1,0,0,0,2
362,W,NoMoves,73,1.28041,0.750106,1,1,1,1,4,1,1,0
363,D,Stale,158,1.40193,0.24363,27,3,0.562635,-0.114154,1,1,0,1
364,D,NoProgress,193,1.56664,0.0842382,30,2,0.392483,-0.1,0,2,0,1
365,W,NoMoves,71,1.05143,0.85694,1,1,1,1,5,1,0,0
366,D,NoProgress,177,1.5642,0.0457933,30,2,0.348058,-0.1,0,2,0,1
367,D,NoProgress,165,1.49491,0.0242929,30,2,0.225738,-0.1,0,2,0,1
368,D,Stale,155,1.50574,0.0163037,28,3,0.175799,-0.0725542,0,2,0,1
369,D,NoProgress,144,1.40845,0.0060577,30,2,0.106339,-0.1,0,1,0,2
370,D,Stale,132,1.36657,0.00579936,29,3,0.109147,-0.108723,0,2,0,1
371,D,Stale,188,1.49613,0.0243728,30,3,0.28064,-0.1,0,1,0,2
372,B,NoMoves,170,1.47084,0.879538,27,2,1,1,0,0,0,2
373,D,Stale,149,1.41405,0.0191555,28,3,0.192539,-0.074681,0,2,0,1
374,B,NoMoves,84,1.14519,0.931953,10,1,1,1,0,0,1,1
375,W,NoMoves,93,1.29538,1.16477,7,1,1,1,0,1,0,0
376,B,NoMoves,70,1.14915,0.829625,1,1,1,1,0,0,4,1
377,D,NoProgress,150,1.3808,0.0421641,30,2,0.411731,-0.1,0,1,0,2
378,D,Stale,112,1.53359,0.0425046,13,3,0.302131,-0.0999385,1,1,1,1
379,D,Stale,119,1.62909,0.0197002,29,3,0.219802,-0.0743203,1,2,2,1
380,B,NoMoves,126,1.41605,0.958406,14,2,1,1,0,0,1,2
381,B,NoMoves,188,1.49875,0.446654,26,2,1,1,0,0,0,2
382,W,NoMoves,97,1.33127,0.615592,8,2,1,1,3,1,0,0
383,B,NoMoves,58,1.03672,0.650008,1,1,1,1,0,0,4,2
384,W,NoMoves,63,1.28368,1.35304,1,1,1,1,4,2,1,0
385,D,NoProgress,160,1.41587,0.0608361,30,2,0.346502,-0.1,0,1,0,2
386,B,NoMoves,64,0.996866,0.81861,0,1,1,1,1,0,4,1
387,D,NoProgress,178,1.46806,0.0759487,30,2,0.436854,-0.1,0,1,0,2
388,B,NoMoves,94,1.18554,0.707018,11,1,1,1,0,0,2,2
389,B,NoMoves,80,1.12228,0.677738,5,1,0.985614,0.985614,1,0,1,1
390,D,NoProgress,196,1.55399,0.216876,30,2,0.551197,-0.1,0,1,0,2
391,D,NoProgress,235,1.64042,0.0891005,30,2,0.515571,-0.1,0,2,0,1
392,D,NoProgress,256,1.61139,0.0743635,30,2,0.524857,-0.1,0,1,0,2
393,D,Stale,160,1.42217,0.0208618,28,3,0.399376,-0.072129,0,1,0,2
394,D,NoProgress,151,1.53342,0.0096463,30,2,0.161082,-0.1,0,2,0,1
395,D,NoProgress,161,1.53958,0.00678954,30,2,0.143087,-0.1,0,2,0,1
396,D,NoProgress,161,1.49657,0.00557354,30,2,0.135117,-0.1,0,2,0,1
397,D,Stale,162,1.4935,0.00482179,27,3,0.128756,-0.115687,0,2,0,1
398,W,NoMoves,71,1.07818,0.912634,2,1,1,1,4,1,0,0
399,W,NoMoves,59,1.24607,0.608737,1,1,1,1,4,1,1,0
400,D,Stale,201,1.5916,0.130481,28,3,0.739418,-0.0783317,0,2,0,1
401,W,NoMoves,101,1.33603,0.696497,15,2,1,1,2,1,0,0
402,W,NoMoves,115,1.33382,0.972886,7,2,1,1,0,1,0,0
403,D,NoProgress,167,1.55118,0.0295301,30,2,0.288335,-0.107025,1,1,1,1
404,D,NoProgress,198,1.61393,0.0723624,30,2,0.526414,-0.1,0,1,0,2
405,D,Stale,239,1.70744,0.0117934,30,3,0.308071,-0.1,0,2,0,1
406,B,NoMoves,146,1.47776,0.939038,29,2,1,1,0,0,0,2
407,D,NoProgress,288,1.61111,0.0923116,30,2,0.551923,-0.1,0,1,0,2
408,B,NoMoves,64,0.966827,0.987258,0,1,1,1,0,0,2,1
409,D,NoProgress,224,1.61536,0.0309612,30,2,0.282957,-0.1,0,1,0,2
410,B,NoMoves,74,1.07088,0.858683,2,1,1,1,0,0,1,1
411,B,NoMoves,66,1.16314,0.784138,1,1,1,1,1,0,2,1
412,W,NoMoves,49,1.19297,0.600153,1,1,1,1,7,2,0,0
413,D,NoProgress,175,1.39522,0.0485797,30,2,0.292178,-0.100794,1,1,1,1
414,D,NoProgress,125,1.44904,0.029746,30,2,0.222687,-0.1,0,2,0,1
415,B,NoMoves,102,1.15666,0.841902,21,2,1,1,0,0,0,2
416,D,Stale,174,1.51167,0.0721667,28,3,0.358642,-0.0821316,0,1,0,2
417,B,NoMoves,78,1.21365,0.80873,5,1,1,1,0,0,2,2
418,W,NoMoves,73,1.31833,0.639276,4,1,1,1,3,1,0,0
419,D,KvK,96,1.47774,0.151989,13,2,0.491663,-0.1,0,1,0,1
420,D,Stale,348,1.68619,0.165871,28,3,0.730505,-0.0794933,0,1,0,2
421,D,Stale,74,1.19343,0.0136801,12,3,0.161549,-0.0591069,1,1,1,1
422,B,NoMoves,84,1.22913,0.725671,1,1,1,1,0,0,2,1
423,D,NoProgress,264,1.60331,0.119939,30,2,0.583388,-0.1,0,1,0,2
424,B,NoMoves,58,0.976852,0.754262,1,1,1,1,1,0,4,0
425,B,NoMoves,66,1.23305,0.644232,1,1,1,1,0,0,3,2
426,W,NoMoves,67,1.24882,0.684124,1,1,0.986202,0.985822,2,1,1,0
427,B,NoMoves,68,1.19764,0.745557,1,1,1,1,0,0,3,2
428,D,Stale,141,1.46527,0.378489,29,3,0.6324,-0.102108,0,1,0,2
429,D,NoProgress,85,1.47601,0.0869688,30,2,0.228673,-0.100327,1,2,2,1
430,W,NoMoves,101,1.35631,1.16883,18,2,1,1,0,2,0,0
431,W,NoMoves,87,1.09763,0.921053,4,1,1,1,1,1,0,0
432,D,Stale,134,1.42089,0.0204207,30,3,0.13626,-0.1,0,2,0,2
433,D,NoProgress,127,1.45103,0.0113083,30,2,0.120132,-0.1,0,2,0,2
434,B,NoMoves,116,1.37604,1.10724,17,2,0.975431,0.975431,0,0,0,1
435,D,Stale,131,1.40752,0.02787,30,3,0.121791,-0.1,0,2,0,1
436,D,NoProgress,198,1.44057,0.0322117,30,2,0.358019,-0.1,0,1,0,2
437,W,NoMoves,59,1.02257,1.00329,1,1,1,1,3,1,0,0
438,D,Stale,167,1.39883,0.0096423,29,3,0.103017,-0.0588926,0,1,1,1
439,D,NoProgress,219,1.35664,0.00352892,30,2,0.103174,-0.1,0,2,0,1
440,B,NoMoves,62,0.965174,0.882153,1,1,1,1,1,0,5,1
441,B,NoMoves,64,1.13531,0.716919,1,1,1,1,0,0,5,2
442,D,Stale,72,1.11268,0.00837969,9,3,0.192682,-0.0984609,0,2,1,1
443,W,NoMoves,99,1.15481,1.11288,8,2,1,1,2,0,0,0
444,B,NoMoves,158,1.47152,0.749192,24,2,1,1,0,0,2,1
445,D,Stale,190,1.4753,0.133223,30,3,0.747102,-0.1,0,1,0,2
446,D,NoProgress,226,1.55871,0.102807,30,2,0.566129,-0.1,0,1,0,2
447,D,Stale,101,1.33079,0.0104824,25,3,0.166714,-0.085567,0,2,2,1
448,D,Stale,150,1.39729,0.00294356,30,3,0.119759,-0.1,0,1,0,2
449,D,NoProgress,154,1.36162,0.00220826,30,2,0.115817,-0.1,0,1,0,2
450,D,NoProgress,150,1.37157,0.00178998,30,2,0.111698,-0.1,0,1,0,2
451,D,NoProgress,154,1.35838,0.00161125,30,2,0.109429,-0.1,0,1,0,2
452,D,NoProgress,154,1.33709,0.00145985,30,2,0.133235,-0.1,0,1,0,2
453,W,NoMoves,97,1.0605,1.05861,10,2,1,1,0,1,0,0
454,D,NoProgress,157,1.45383,0.0132789,30,2,0.121607,-0.1,0,1,0,2
455,B,NoMoves,122,1.42102,0.993317,26,2,1,1,0,0,1,0
456,D,NoProgress,194,1.47517,0.0183299,30,2,0.335542,-0.1,0,1,0,2
457,D,NoProgress,243,1.51522,0.00336056,30,2,0.1458,-0.1,0,1,0,2
458,D,Stale,166,1.39173,0.000824143,30,3,0.122012,-0.1,0,1,0,2
459,D,NoProgress,158,1.41478,0.000815962,30,2,0.121679,-0.1,0,1,0,2
460,D,NoProgress,150,1.30401,0.000583704,30,2,0.102083,-0.1,0,1,0,2
461,D,NoProgress,192,1.36925,0.000508958,30,2,0.102778,-0.1,0,1,0,2
462,B,NoMoves,58,0.865385,0.997891,2,1,0.986294,0.986294,1,1,3,1
463,D,NoProgress,139,1.34922,0.00426358,30,2,0.115432,-0.1,0,1,0,2
464,B,NoMoves,64,0.912515,0.954159,5,1,1,1,0,0,3,2
465,D,NoProgress,194,1.41891,0.00528333,30,2,0.146126,-0.1,0,1,0,2
466,D,Stale,124,1.28011,0.00348024,28,3,0.144679,-0.0838068,0,1,1,1
467,D,NoProgress,186,1.46023,0.00277158,30,2,0.202415,-0.1,0,1,0,2
468,D,NoProgress,176,1.43719,0.00227739,30,2,0.141842,-0.1,0,1,0,2
469,B,NoMoves,170,1.29782,0.947665,28,2,1,1,0,0,0,2
470,D,NoProgress,212,1.43294,0.00979926,30,2,0.204435,-0.1,0,1,0,2
471,D,NoProgress,186,1.3873,0.00791834,30,2,0.191946,-0.1,0,1,0,2
472,D,Stale,208,1.38752,0.00636219,28,3,0.181837,-0.0812924,0,1,0,2
473,D,NoProgress,202,1.39515,0.00578299,30,2,0.172882,-0.1,0,1,0,2
474,D,Stale,200,1.39762,0.00504477,28,3,0.16623,-0.0907414,0,1,0,2
475,D,Stale,229,1.38406,0.00388371,29,3,0.160235,-0.0981077,0,1,0,2
476,D,Stale,229,1.37723,0.00341279,29,3,0.157562,-0.0975754,0,1,0,2
477,D,NoProgress,212,1.37926,0.0032813,30,2,0.153665,-0.1,0,1,0,2
478,D,NoProgress,220,1.37221,0.00296593,30,2,0.150317,-0.1,0,1,0,2
479,B,NoMoves,68,0.940665,0.771336,1,1,1,1,0,0,6,0
480,B,NoMoves,68,1.15237,0.791445,0,1,1,1,0,0,3,1
481,B,NoMoves,158,1.54345,0.401859,25,2,1,1,0,0,1,3
482,B,NoMoves,84,1.19635,1.3617,1,1,1,1,0,0,4,0
483,B,NoMoves,76,0.968781,0.738366,1,1,1,1,0,0,4,1
484,D,NoProgress,147,1.38111,0.0289423,30,2,0.28945,-0.1,0,2,0,1
485,B,NoMoves,140,1.20084,0.813606,25,2,1,1,0,0,0,2
486,D,KvK,153,1.48179,0.0734491,29,2,0.370574,-0.1,0,1,0,1
487,D,Stale,181,1.47989,0.0165185,29,3,0.179168,-0.107625,0,1,0,2
488,B,NoMoves,106,1.2124,0.896442,22,2,1,1,0,0,0,1
489,B,NoMoves,234,1.53036,0.60271,26,2,1,1,0,0,0,2
490,B,NoMoves,68,1.2224,0.627231,1,1,1,1,1,0,4,2
491,W,NoMoves,77,1.01724,0.78761,1,1,0.999333,0.999333,2,1,1,0
492,W,NoMoves,55,1.41334,0.608333,1,1,1,1,4,2,0,0
493,D,KvK,105,1.43598,0.347349,10,1,0.428241,-0.1,0,1,0,1
494,B,NoMoves,90,1.12226,0.65377,11,2,1,1,0,0,3,1
495,W,NoMoves,83,1.14237,1.00111,1,1,1,1,3,1,0,0
496,B,NoMoves,70,0.934427,0.641955,1,1,1,1,0,0,5,1
497,D,NoProgress,192,1.59333,0.20126,30,2,0.703168,-0.1,0,1,1,2
498,B,NoMoves,72,0.990645,0.870485,0,1,1,1,0,0,3,1
499,W,NoMoves,81,1.06169,1.30171,1,1,1,1,2,1,0,0
500,B,NoMoves,70,0.994626,0.81753,1,1,1,1,0,0,4,2
501,D,NoProgress,206,1.47157,0.0163564,30,2,0.170724,-0.1,0,1,0,2
502,W,NoMoves,141,1.42855,0.931097,27,2,1,1,1,2,0,0
503,D,NoProgress,143,1.42367,0.0289585,30,2,0.178951,-0.1,0,2,0,1
504,D,Stale,226,1.57333,0.0895754,28,3,0.747281,-0.104543,0,2,0,1
505,W,NoMoves,113,1.28519,1.18215,22,2,1,1,0,2,0,0
506,B,NoMoves,78,1.10712,0.855736,5,1,1,1,0,0,3,2
507,D,Stale,218,1.52525,0.0531809,29,3,0.433182,-0.0991934,0,1,0,2
508,W,NoMoves,91,1.0268,1.16139,4,1,1,1,0,1,0,0
509,B,NoMoves,54,0.89701,0.967819,0,1,0.999864,0.999864,1,0,8,0
510,B,NoMoves,66,0.87888,0.898614,1,1,1,1,0,0,6,1
511,B,NoMoves,52,0.860634,0.943189,1,1,1,1,0,0,5,1
512,B,NoMoves,74,1.03296,0.740801,1,1,1,1,0,0,4,1
513,B,NoMoves,62,0.880238,0.741599,0,1,1,1,1,0,3,0
514,D,NoProgress,200,1.44747,0.0372663,30,2,0.26258,-0.0998043,0,1,1,1
515,B,NoMoves,158,1.21955,0.945047,27,2,1,1,0,0,0,2
516,D,NoProgress,214,1.50396,0.0572984,30,2,0.369028,-0.1,0,1,0,2
517,B,NoMoves,136,1.23989,0.534898,23,2,1,1,0,0,2,1
518,D,NoProgress,97,1.35176,0.0863012,30,2,0.479053,-0.103941,2,1,2,1
519,B,NoMoves,80,0.954713,0.784212,1,1,1,1,0,0,4,1
520,D,Stale,159,1.46431,0.0627215,29,3,0.477926,-0.0822083,0,2,0,1
521,W,NoMoves,67,1.33121,0.862211,1,1,1,1,4,1,0,0
522,W,NoMoves,101,1.02636,1.15472,8,1,1,1,0,1,0,0
523,D,NoProgress,178,1.35689,0.0341836,30,2,0.209902,-0.1,0,1,0,2
524,W,NoMoves,141,1.39898,1.13487,18,2,1,1,0,1,0,0
525,B,NoMoves,66,0.849998,0.853844,0,1,1,1,0,0,3,2
526,B,NoMoves,104,1.15187,0.715527,15,2,1,1,0,0,3,2
527,B,NoMoves,94,1.27397,0.88792,8,2,1,1,0,0,2,1
528,W,NoMoves,95,1.24217,1.16375,6,1,1,1,0,1,0,0
529,B,NoMoves,72,1.00003,0.881999,1,1,0.986246,0.98606,1,0,1,1
530,B,NoMoves,74,1.05661,0.660119,1,1,1,1,0,0,4,1
531,B,NoMoves,64,1.28213,0.53135,1,1,1,1,0,0,5,1
532,B,NoMoves,78,1.18124,0.526734,1,1,1,1,0,0,3,0
533,W,NoMoves,71,1.23374,0.834062,1,1,1,1,5,1,0,0
534,B,NoMoves,60,1.09308,1.3457,1,1,1,1,0,0,3,1
535,D,NoProgress,104,1.35307,0.133588,30,2,0.427165,-0.1,0,2,0,1
536,W,NoMoves,117,1.45122,1.61498,25,2,1,1,0,2,0,0
537,B,NoMoves,176,1.60041,0.878347,27,2,1,1,0,0,0,2
538,D,NoProgress,188,1.52095,0.184533,30,2,0.773766,-0.1,0,1,0,2
539,B,NoMoves,102,1.47693,0.663684,7,1,1,1,0,0,1,1
540,W,NoMoves,95,1.39593,1.1768,8,2,1,1,0,1,0,0
541,W,NoMoves,73,1.25818,0.957516,1,1,1,1,2,1,0,0
542,B,NoMoves,70,1.19936,0.621445,1,1,1,1,0,0,5,0
543,W,NoMoves,125,1.42729,0.45709,17,2,1,1,1,0,0,0
544,D,NoProgress,166,1.49617,0.110907,30,2,0.436387,-0.1,0,1,0,2
545,B,NoMoves,114,1.44321,1.19394,28,2,1,1,0,0,0,1
546,D,NoProgress,273,1.62696,0.145479,30,2,0.66395,-0.1,0,2,0,1
547,D,NoProgress,222,1.57157,0.0752836,30,2,0.414101,-0.1,0,1,0,2
548,D,KvK,92,1.27066,0.0159975,3,1,0.131744,-0.1,0,1,0,1
549,D,KvK,92,1.24186,0.0122314,3,1,0.133177,-0.1,0,1,0,1
550,B,NoMoves,176,1.61956,0.857033,27,2,1,1,0,0,0,1
551,B,NoMoves,74,1.25291,0.835876,7,1,1,1,0,0,2,2
552,D,NoProgress,142,1.38588,0.0465789,30,2,0.177989,-0.100118,1,1,1,1
553,W,NoMoves,73,1.17121,0.850463,1,1,1,1,2,1,0,0
554,D,NoProgress,144,1.50788,0.0689254,30,2,0.273304,-0.1,0,1,0,2
555,B,NoMoves,68,1.19121,0.864746,0,1,1,1,0,0,4,0
556,B,NoMoves,62,1.18331,0.726241,0,1,0.999765,0.999765,0,0,3,1
557,D,NoProgress,222,1.5096,0.117588,30,2,0.430099,-0.1,0,1,0,2
558,W,NoMoves,95,1.68596,0.653629,7,2,1,1,2,1,0,0
559,D,NoProgress,233,1.52182,0.18338,30,2,0.656159,-0.1,0,2,0,1
560,D,NoProgress,147,1.39443,0.0547473,30,2,0.388673,-0.1,0,2,0,1
561,D,Stale,166,1.44762,0.061797,27,3,0.549789,-0.109611,0,2,0,1
562,D,Stale,97,1.46509,0.0156749,11,3,0.187242,-0.0700206,0,1,1,1
563,D,Stale,165,1.54198,0.101399,29,3,0.692131,-0.100809,0,1,0,2
564,W,NoMoves,87,1.17583,1.21322,1,1,0.999608,0.999608,2,1,0,0
565,B,NoMoves,64,1.17866,0.958604,2,1,1,1,0,0,4,0
566,B,NoMoves,74,1.11149,0.704878,1,1,1,1,0,0,5,1
567,B,NoMoves,72,1.22444,0.776598,1,1,1,1,1,0,5,1
568,D,NoProgress,267,1.54182,0.0665307,30,2,0.310774,-0.1,0,2,0,1
569,B,NoMoves,74,1.16936,0.906001,2,1,1,1,0,0,3,2
570,B,NoMoves,86,1.18056,1.28053,20,2,1,1,0,0,0,1
571,D,NoProgress,162,1.46263,0.00676071,30,2,0.101904,-0.1,0,1,0,2
572,B,NoMoves,80,1.17245,0.830163,2,1,1,1,0,0,3,1
573,W,NoMoves,81,1.41987,0.8934,6,1,1,1,2,0,0,0
574,B,NoMoves,130,1.39978,0.737047,29,2,1,1,0,0,1,2
575,D,NoProgress,133,1.36069,0.133626,30,2,0.63014,-0.1,0,2,0,1
576,D,Stale,177,1.50246,0.0337818,27,3,0.323096,-0.0961686,0,1,0,2
577,W,NoMoves,135,1.72636,0.653934,28,2,1,1,2,1,0,0
578,D,Stale,114,1.34059,0.0350745,29,3,0.220811,-0.108705,0,2,0,1
579,B,NoMoves,138,1.45427,0.93531,26,2,1,1,0,0,0,1
580,D,NoProgress,195,1.39278,0.1335,30,2,0.567849,-0.1,0,2,0,1
581,B,NoMoves,70,1.2096,0.610817,1,1,1,1,0,0,4,1
582,D,NoProgress,240,1.58381,0.0746614,30,2,0.543443,-0.1,0,1,0,2
583,D,Stale,269,1.60898,0.138101,30,3,0.641906,-0.1,0,2,0,1
584,B,NoMoves,90,1.1578,0.393602,6,1,1,1,0,0,5,1
585,W,NoMoves,75,1.08107,0.472402,1,1,1,1,5,1,0,0
586,D,NoProgress,233,1.58162,0.275378,30,2,0.83272,-0.1,0,2,1,1
587,D,Stale,63,1.43117,0.0356832,12,3,0.157943,-0.116139,2,1,3,1
588,D,NoProgress,297,1.43803,0.0690607,30,2,0.569943,-0.1,0,1,0,2
589,B,NoMoves,66,1.20211,0.933142,1,1,1,1,1,0,2,2
590,W,NoMoves,67,1.3411,0.816969,1,1,1,1,3,1,1,0
591,B,NoMoves,152,1.35183,0.805361,21,2,1,1,0,0,1,0
592,B,NoMoves,108,1.34568,1.0033,13,2,1,1,0,0,2,0
593,B,NoMoves,94,1.23609,1.29082,14,2,1,1,0,0,1,1
594,W,NoMoves,67,1.1291,0.735409,0,1,1,1,5,0,0,0
595,W,NoMoves,95,1.32209,1.05979,17,2,1,1,0,2,0,0
596,W,NoMoves,163,1.569,0.671961,15,2,1,1,0,2,0,0
597,W,NoMoves,53,1.01142,0.805159,1,1,1,1,6,1,0,0
598,D,Stale,162,1.33832,0.0912848,29,3,0.261818,-0.101495,0,2,0,1
599,D,Stale,171,1.51833,0.0617235,29,3,0.344837,-0.0982413,0,2,0,1
600,W,NoMoves,131,1.53619,0.926676,21,2,1,1,0,1,0,0
601,D,Stale,125,1.49928,0.0420249,28,3,0.353709,-0.0801323,1,1,1,1
602,D,Stale,158,1.50643,0.0307331,27,3,0.266016,-0.100055,0,2,0,1
603,D,Stale,123,1.3584,0.0512409,28,3,0.307768,-0.0803375,0,2,0,1
604,W,NoMoves,59,1.08734,0.874245,1,1,1,1,5,0,1,0
605,D,Stale,96,1.39704,0.0328221,17,3,0.239958,-0.127475,1,2,1,1
606,D,NoProgress,169,1.43237,0.0124265,30,2,0.300205,-0.1,0,2,0,1
607,B,NoMoves,82,1.0839,1.08726,1,1,0.987227,0.987227,0,0,1,1
608,D,NoProgress,157,1.3438,0.0208142,30,2,0.161865,-0.1,0,2,0,1
609,B,NoMoves,62,1.043,0.933085,1,1,1,1,0,0,5,1
610,D,NoProgress,145,1.47837,0.0153446,30,2,0.185273,-0.1,0,2,0,1
611,D,KvK,82,1.25038,0.00936481,6,1,0.140309,-0.1,0,1,0,1
612,B,NoMoves,74,1.16237,0.693812,1,1,1,1,1,0,5,1
613,D,NoProgress,263,1.60339,0.0760575,30,2,0.483986,-0.1,0,1,0,2
614,W,NoMoves,151,1.59428,0.539776,27,2,1,1,1,1,0,0
615,D,NoProgress,173,1.43391,0.019049,30,2,0.427207,-0.1,0,2,0,2
616,W,NoMoves,71,1.02553,0.92801,1,1,0.983319,0.983319,1,1,0,0
617,D,Stale,166,1.46878,0.12504,29,3,0.681179,-0.107386,0,2,0,1
618,B,NoMoves,82,1.13636,1.23362,5,2,0.984014,0.979422,0,0,1,1
619,W,NoMoves,71,1.03704,0.979779,1,1,1,1,3,1,0,0
620,D,NoProgress,346,1.55538,0.0817343,30,2,0.725774,-0.1,0,1,0,2
621,D,Stale,121,1.36843,0.0105075,24,3,0.194591,-0.0806653,1,1,1,2
622,B,NoMoves,186,1.60783,0.942961,28,2,0.997044,0.997044,1,0,1,1
623,D,NoProgress,184,1.49427,0.00839391,30,2,0.104318,-0.1,0,1,0,2
624,D,NoProgress,268,1.50176,0.0139756,30,2,0.193484,-0.1,0,1,0,2
625,D,NoProgress,200,1.43204,0.00392926,30,2,0.116774,-0.1,0,1,0,2
626,D,NoProgress,214,1.46112,0.00270913,30,2,0.1015,-0.1,0,1,0,2
627,B,NoMoves,224,1.39264,0.967399,25,2,1,1,0,0,0,2
628,D,Stale,194,1.50191,0.0166413,27,3,0.469425,-0.0347802,0,1,0,2
629,D,Stale,216,1.41983,0.00454095,30,3,0.112369,-0.1,0,1,0,2
630,D,Stale,191,1.43333,0.00350643,27,3,0.104345,-0.101429,0,1,0,2
631,D,NoProgress,206,1.43393,0.00374598,30,2,0.104819,-0.1,0,1,0,2
632,D,NoProgress,206,1.4229,0.00321241,30,2,0.113434,-0.1,0,1,0,2
633,D,Stale,206,1.38558,0.00264483,30,3,0.101189,-0.1,0,1,0,2
634,D,Stale,243,1.5373,0.00506643,29,3,0.175276,-0.0836766,0,2,0,1
635,D,NoProgress,186,1.47126,0.00623304,30,2,0.208193,-0.1,0,1,0,2
636,B,NoMoves,66,0.982097,0.867426,1,1,1,1,0,0,4,1
637,D,Stale,196,1.5031,0.0627481,30,3,0.505369,-0.1,0,1,0,2
638,B,NoMoves,70,1.02018,0.773435,1,1,1,1,0,0,5,1
639,D,NoProgress,161,1.42884,0.0080155,30,2,0.103724,-0.1,0,2,1,1
640,D,NoProgress,239,1.42417,0.0232124,30,2,0.284878,-0.1,0,2,0,1
641,D,Stale,129,1.28392,0.00478409,27,3,0.102853,-0.0719689,0,1,1,1
642,B,NoMoves,160,1.46406,0.830041,26,2,1,1,0,0,0,2
643,W,NoMoves,55,1.11936,0.822737,0,1,1,1,5,1,0,0
644,B,NoMoves,68,0.96408,0.820896,1,1,1,1,0,0,3,1
645,D,Stale,147,1.2977,0.0156585,30,3,0.341177,-0.1,0,2,0,2
646,D,NoProgress,142,1.32519,0.0634545,30,2,0.618777,-0.1,0,1,0,2
647,D,Stale,171,1.3361,0.00870234,28,3,0.123413,-0.0815174,0,2,0,1
648,W,NoMoves,147,1.71454,0.513224,28,2,1,1,1,1,0,0
649,B,NoMoves,60,0.89355,0.79807,0,1,1,1,1,0,6,0
650,D,Stale,146,1.23782,0.0485031,30,3,0.45489,-0.1,0,1,0,2
651,D,Stale,159,1.33005,0.0393113,29,3,0.294626,-0.102977,0,2,0,2
652,D,Stale,127,1.1979,0.0297173,29,3,0.232878,-0.102666,0,2,0,2
653,D,NoProgress,133,1.36514,0.0295594,30,2,0.263291,-0.1,0,1,0,2
654,B,NoMoves,152,1.31613,0.67906,25,2,1,1,0,0,0,2
655,D,NoProgress,179,1.35138,0.0611241,30,2,0.350406,-0.1,0,2,0,1
656,W,NoMoves,157,1.32344,1.09335,28,2,1,1,0,1,0,0
657,D,Stale,233,1.40493,0.0235717,29,3,0.256945,-0.110176,0,1,0,2
658,B,NoMoves,94,1.18291,0.964544,10,2,1,1,0,0,0,1
659,B,NoMoves,102,1.24496,0.919374,23,2,1,1,0,0,0,1
660,D,Stale,237,1.36168,0.038002,29,3,0.320303,-0.106265,0,1,0,2
661,B,NoMoves,100,1.19048,0.527241,19,2,1,1,0,0,1,1
662,D,Stale,197,1.42176,0.113665,29,3,0.457039,-0.0922586,0,2,1,1
663,D,NoProgress,141,1.18258,0.0270492,30,2,0.242148,-0.1,0,2,0,1
664,B,NoMoves,56,1.15171,0.621537,1,1,1,1,0,0,5,0
665,W,NoMoves,109,1.20486,0.742867,10,1,1,1,2,1,0,0
666,W,NoMoves,141,1.29088,1.03671,19,2,1,1,0,2,0,0
667,D,Stale,123,1.16704,0.020953,27,3,0.18064,-0.0744071,0,2,0,2
668,D,NoProgress,153,1.1708,0.0285623,30,2,0.223541,-0.1,0,2,0,1
669,D,NoProgress,163,1.21174,0.0199323,30,2,0.183338,-0.1,0,2,0,1
670,D,Stale,74,0.896177,0.00486891,18,3,0.104851,-0.104851,5,1,5,1
671,D,Stale,72,0.79567,0.00310421,16,3,0.103419,-0.103419,5,1,5,1
672,D,Stale,86,0.821079,0.00169448,30,3,0.103831,-0.103831,5,1,5,1
673,D,Stale,86,0.791819,0.00117963,30,3,0.10143,-0.10143,5,1,5,1
674,D,NoProgress,127,1.24444,0.0255253,30,2,0.517796,-0.1,0,2,1,1
675,D,Stale,86,0.784954,0.000887824,30,3,0.100247,-0.100247,5,1,5,1
676,D,NoProgress,86,0.772563,0.000578697,30,2,0.0959581,-0.0959581,5,1,5,1
677,W,NoMoves,81,0.915302,1.05584,1,1,0.999088,0.999088,1,2,1,0
678,W,NoMoves,81,0.919941,1.00129,1,1,0.998855,0.998855,1,2,1,0
679,W,NoMoves,87,0.989569,0.953315,1,1,1,1,1,2,0,0
680,D,Stale,112,1.11199,0.0183581,29,3,0.134839,-0.105548,0,2,0,1
681,W,NoMoves,81,0.890562,0.99552,1,1,0.998838,0.998838,1,2,1,0
682,W,NoMoves,115,1.15802,0.920876,26,2,1,1,0,2,0,0
683,D,Stale,109,1.10202,0.0211511,26,3,0.192685,-0.0191157,0,2,0,1
684,D,NoProgress,113,1.0983,0.0130708,30,2,0.158225,-0.1,0,2,0,1
685,D,NoProgress,178,1.35054,0.0196918,30,2,0.189138,-0.0995745,0,2,1,1
686,D,Stale,110,1.07144,0.007408,27,3,0.130886,-0.10581,0,2,0,1
687,D,Stale,134,1.08811,0.00638867,27,3,0.171711,-0.104923,0,2,0,1
688,D,NoProgress,155,1.26942,0.00330901,30,2,0.111524,-0.1,0,2,0,1
689,D,Stale,172,1.20334,0.00963871,30,3,0.197728,-0.1,0,1,0,2
690,D,NoProgress,166,1.19122,0.00494571,30,2,0.279433,-0.1,0,1,0,2
691,D,NoProgress,181,1.16026,0.00603643,30,2,0.118725,-0.1,0,2,0,1
692,D,Stale,151,1.18971,0.0068273,27,3,0.175404,-0.10054,0,1,0,2
693,D,NoProgress,162,1.23821,0.00588438,30,2,0.168712,-0.1,0,1,0,2
694,D,NoProgress,168,1.18523,0.00231836,30,2,0.100742,-0.1,0,1,0,2
695,D,NoProgress,164,1.15094,0.00196473,30,2,0.106984,-0.1,0,1,0,2
696,D,Stale,86,0.838292,0.000263944,30,3,0.0954982,-0.0954982,5,1,5,1
697,D,Stale,135,1.10791,0.00257194,29,3,0.107255,-0.105815,0,1,0,2
698,D,NoProgress,147,1.12631,0.0021122,30,2,0.106373,-0.1,0,2,0,1
699,D,NoProgress,199,1.22833,0.00325436,30,2,0.147593,-0.1,0,2,0,1
700,D,NoProgress,199,1.21944,0.00280122,30,2,0.141918,-0.1,0,2,0,1
701,D,Stale,83,0.796723,0.000199452,27,3,0.082686,-0.082686,5,1,5,1
702,B,NoMoves,96,0.88721,1.01599,10,2,1,1,0,0,0,1
703,W,NoMoves,157,1.3536,0.766181,29,2,1,1,2,4,0,0
704,D,NoProgress,186,1.32015,0.032717,30,2,0.261352,-0.1,0,2,0,1
705,D,Stale,184,1.3287,0.0173717,30,3,0.202241,-0.1,0,2,0,1
706,B,NoMoves,80,0.835692,1.02217,1,1,1,1,0,0,1,2
707,D,NoProgress,207,1.29692,0.00994175,30,2,0.164368,-0.1,0,2,0,1
708,D,NoProgress,86,0.784225,0.00117134,30,2,0.0875503,-0.0875503,5,1,5,1
709,W,NoMoves,95,0.867424,1.02205,3,1,1,1,1,1,0,0
710,D,NoProgress,86,0.784119,0.00845616,30,2,0.0857558,-0.0857558,5,1,5,1
711,D,Stale,85,0.763374,0.000237512,29,3,0.0860131,-0.0860131,5,1,5,1
712,W,NoMoves,95,0.855539,1.02249,9,2,1,1,0,1,0,0
713,D,NoProgress,225,1.28447,0.0079254,30,2,0.1335,-0.1,0,2,0,1
714,D,NoProgress,206,1.39915,0.0129978,30,2,0.286957,-0.1,0,2,0,1
715,B,NoMoves,106,0.908937,0.934857,28,2,1,1,0,0,3,2
716,W,NoMoves,107,1.12955,1.06223,15,2,1,1,0,2,0,0
717,D,Stale,187,1.19594,0.013038,30,3,0.118105,-0.1,0,2,0,1
718,D,NoProgress,253,1.48321,0.0173276,30,2,0.275921,-0.1,0,1,0,2
719,D,Stale,196,1.32564,0.0106124,29,3,0.242034,-0.0987638,0,1,0,2
720,D,Stale,127,1.07054,0.000597809,25,3,0.0548872,-0.0465879,1,1,1,1
721,D,Stale,83,0.864075,8.47809e-05,27,3,0.0581226,-0.0581226,5,1,5,1
722,D,Stale,227,1.36355,0.00122027,29,3,0.101378,-0.101378,0,1,0,2
723,D,NoProgress,294,1.45768,0.00130122,30,2,0.101756,-0.1,0,1,0,2
724,B,NoMoves,98,1.16953,1.03141,26,2,1,1,0,0,1,1
725,W,NoMoves,61,0.976345,0.940038,0,1,1,1,4,1,0,0
726,B,NoMoves,74,1.03472,0.968097,1,1,1,1,0,0,2,1
727,B,NoMoves,62,1.09255,0.858696,0,1,1,1,0,0,5,0
728,W,NoMoves,69,1.1291,0.613945,1,1,1,1,4,1,0,0
729,W,NoMoves,59,1.01336,0.579732,0,1,1,1,5,1,0,0
730,D,NoProgress,119,1.37596,0.0943187,30,2,0.493779,-0.1,0,2,0,1
731,B,NoMoves,54,1.30786,0.43035,1,1,1,1,0,0,6,1
732,W,NoMoves,59,0.958501,0.614154,0,1,1,1,3,1,0,0
733,D,KvK,84,1.35141,0.211296,8,2,0.175434,-0.1,0,1,0,1
734,B,NoMoves,68,1.01884,0.828162,1,1,1,1,1,0,3,0
735,W,NoMoves,85,1.18839,1.31508,5,1,1,1,1,1,0,0
736,D,Stale,222,1.49141,0.00905679,30,3,0.176445,-0.1,0,1,0,2
737,B,NoMoves,58,1.15964,0.653949,1,1,0.981082,0.981082,1,0,4,1
738,W,NoMoves,135,1.17138,0.94591,28,2,1,1,0,2,0,0
739,B,NoMoves,106,1.2765,0.772646,15,1,1,1,0,0,0,2
740,D,Stale,164,1.32518,0.10741,30,3,0.589096,-0.1,0,1,0,2
741,B,NoMoves,70,1.12312,0.496761,1,1,1,1,0,0,5,1
742,B,NoMoves,72,1.0165,0.730968,1,1,1,1,0,0,2,1
743,B,NoMoves,92,1.43358,0.673357,12,2,1,1,0,0,4,1
744,W,NoMoves,71,1.01506,1.12766,1,1,1,1,1,1,0,0
745,W,NoMoves,73,1.06136,0.710625,1,1,0.998099,0.998039,2,1,1,0
746,B,NoMoves,94,1.22402,1.18411,6,1,1,1,0,0,0,2
747,D,NoProgress,215,1.45757,0.223629,30,2,0.715969,-0.1,0,2,0,1
748,B,NoMoves,132,1.34601,0.819865,18,2,1,1,0,0,0,2
749,D,Stale,296,1.62926,0.173205,30,3,0.704978,-0.1,0,2,0,1
750,B,NoMoves,52,1.2995,0.458073,1,1,1,1,1,0,6,1
751,D,NoProgress,249,1.57665,0.245481,30,2,0.849276,-0.1,0,2,0,1
752,W,NoMoves,63,1.06736,0.673464,1,1,1,1,3,1,0,0
753,W,NoMoves,67,1.14087,0.734337,1,1,1,1,5,1,0,0
754,W,NoMoves,127,1.29296,1.16622,28,2,1,1,0,1,0,0
755,B,NoMoves,60,1.21396,0.872579,0,1,1,1,0,0,6,1
756,W,NoMoves,101,1.20362,0.819814,7,1,1,1,1,2,0,0
757,D,Stale,152,1.27873,0.0786299,28,3,0.163596,-0.0947195,1,1,0,2
758,W,NoMoves,75,1.05114,1.03199,1,1,1,1,1,1,0,0
759,D,NoProgress,200,1.45508,0.0170222,30,2,0.149163,-0.1,0,1,0,2
760,D,NoProgress,180,1.39119,0.0161256,30,2,0.154964,-0.1,0,1,0,2
761,B,NoMoves,144,1.29131,0.811941,25,2,1,1,0,0,0,2
762,D,NoProgress,89,1.23193,0.0170799,30,2,0.10206,-0.100359,1,1,1,1
763,D,Stale,122,1.24289,0.0198085,30,3,0.174251,-0.101285,1,1,1,1
764,D,Stale,172,1.35071,0.095282,29,3,0.491416,-0.0977641,0,1,0,2
765,B,NoMoves,92,1.17265,0.981169,28,2,1,1,0,0,1,1
766,D,Stale,124,1.31876,0.0729089,30,3,0.438659,-0.1,0,1,0,2
767,D,Stale,217,1.48581,0.0483615,29,3,0.341558,-0.11276,0,1,0,2
768,D,Stale,150,1.45421,0.0275188,29,3,0.263826,-0.0989219,0,1,0,2
769,D,Stale,99,1.24987,0.0233262,27,3,0.221008,-0.109024,0,1,0,2
770,D,Stale,101,1.24068,0.0182632,29,3,0.191889,-0.107043,0,1,0,2
771,D,NoProgress,104,1.30241,0.0156272,30,2,0.168239,-0.1,0,1,0,2
772,B,NoMoves,58,1.04487,0.7472,1,1,1,1,0,0,5,0
773,D,Stale,145,1.30076,0.0281214,29,3,0.248532,-0.10858,0,1,0,2
774,D,NoProgress,102,1.24635,0.0245452,30,2,0.219779,-0.1,0,1,0,2
775,D,NoProgress,102,1.24013,0.0187372,30,2,0.196287,-0.1,0,1,0,2
776,D,NoProgress,104,1.31067,0.0160312,30,2,0.176717,-0.1,0,1,0,2
777,D,Stale,104,1.29775,0.0130414,29,3,0.156099,-0.098606,0,1,0,2
778,D,NoProgress,128,1.27363,0.00778413,30,2,0.14135,-0.1,0,1,0,2
779,B,NoMoves,96,1.14888,0.935847,25,2,1,1,0,0,2,1
780,D,Stale,91,1.1228,0.0137064,26,3,0.221876,-0.108432,0,1,0,2
781,B,NoMoves,82,1.15083,0.874753,13,1,1,1,0,0,3,0
782,B,NoMoves,128,1.31284,0.577816,18,2,1,1,0,0,3,0
783,D,NoProgress,142,1.22013,0.0718544,30,2,0.393294,-0.1,0,1,0,2
784,B,NoMoves,62,1.00203,0.88186,1,1,1,1,0,0,3,1
785,D,Stale,193,1.3731,0.0451495,30,3,0.349428,-0.1,0,2,0,1
786,D,NoProgress,141,1.29733,0.0218563,30,2,0.152455,-0.1,0,2,0,1
787,W,NoMoves,85,1.14707,1.00502,2,1,1,1,0,1,0,0
788,W,NoMoves,207,1.44165,0.710269,27,2,1,1,0,2,0,0
789,D,Stale,125,1.35739,0.114402,30,3,0.662123,-0.100186,1,1,1,1
790,B,NoMoves,66,0.994553,0.738968,1,1,1,1,0,0,3,2
791,D,NoProgress,114,1.32797,0.194967,30,2,0.772892,-0.1,1,1,0,1
792,B,NoMoves,124,1.32261,0.589243,24,2,1,1,0,0,2,0
793,B,NoMoves,80,1.1666,0.524595,1,1,1,1,0,0,6,1
794,D,NoProgress,207,1.40697,0.209267,30,2,0.704298,-0.0997659,1,1,0,1
795,B,NoMoves,54,0.882585,0.869534,1,1,1,1,1,0,4,2
796,W,NoMoves,99,1.07218,1.09422,20,2,1,1,0,1,0,0
797,B,NoMoves,80,0.940958,0.580578,0,1,0.999925,0.999925,0,0,4,0
798,W,NoMoves,75,1.23865,0.429308,6,2,1,1,2,0,0,0
799,W,NoMoves,115,1.33798,0.409929,15,2,1,1,2,0,0,0
800,D,NoProgress,153,1.33173,0.330139,30,2,0.859815,-0.1,0,2,0,1
801,W,NoMoves,59,1.1557,0.852067,1,1,1,1,3,1,0,0
802,D,NoProgress,126,1.18791,0.346946,30,2,0.170592,-0.1,1,1,0,2
803,D,Stale,146,1.4229,0.217372,26,3,0.301288,-0.0995633,1,1,0,2
804,D,NoProgress,150,1.52843,0.0313416,30,2,0.449679,-0.100799,1,1,1,1
805,W,NoMoves,97,1.44885,0.794837,11,2,1,1,2,1,0,0
806,D,NoProgress,189,1.48049,0.0990562,30,2,0.532992,-0.1,0,1,0,2
807,D,Stale,152,1.39405,0.11793,30,3,0.607481,-0.1,0,2,0,1
808,D,NoProgress,222,1.47924,0.0406632,30,2,0.345899,-0.1,0,1,0,2
809,W,NoMoves,67,1.05025,0.84445,2,1,1,1,3,1,1,0
810,W,NoMoves,89,1.31815,0.751286,17,2,1,1,2,1,0,0
811,D,NoProgress,214,1.4383,0.102731,30,2,0.385669,-0.1,0,1,0,2
812,D,NoProgress,151,1.36565,0.0643225,30,2,0.646012,-0.1,0,2,0,1
813,D,Stale,113,1.23836,0.0301387,27,3,0.217929,-0.0959523,0,1,0,2
814,D,Stale,184,1.44722,0.0153791,30,3,0.175885,-0.1,0,2,0,2
815,D,NoProgress,205,1.4544,0.0136525,30,2,0.190267,-0.1,0,2,0,1
816,W,NoMoves,101,1.177,0.871972,15,2,1,1,2,1,0,0
817,D,NoProgress,132,1.38674,0.0442569,30,2,0.313584,-0.0853348,1,1,1,1
818,D,Stale,150,1.21964,0.0203427,27,3,0.226758,-0.103405,0,2,0,1
819,D,Stale,257,1.43613,0.0147918,29,3,0.208721,-0.109101,0,1,0,2
820,D,NoProgress,157,1.37298,0.0130462,30,2,0.187744,-0.1,0,2,0,1
821,D,Stale,114,1.21262,0.013792,30,3,0.171139,-0.0973989,1,1,1,1
822,W,NoMoves,87,1.06639,0.880315,5,1,1,1,0,2,0,0
823,W,NoMoves,67,0.851052,0.917544,1,1,1,1,3,1,0,0
824,W,NoMoves,63,0.940455,0.769383,0,1,1,1,3,2,0,0
825,D,Stale,158,1.21035,0.0132026,28,3,0.147331,-0.0519511,0,2,0,2
826,D,Stale,127,1.14174,0.0244467,27,3,0.1985,-0.0969225,0,1,0,2
827,D,Stale,132,1.18289,0.0137909,30,3,0.175707,-0.1,0,1,0,2
828,D,NoProgress,148,1.18123,0.010691,30,2,0.165718,-0.1,0,1,0,2
829,D,NoProgress,144,1.14634,0.00955674,30,2,0.161204,-0.1,0,1,0,2
830,D,Stale,153,1.1389,0.00778088,29,3,0.152294,-0.10717,0,1,0,2
831,D,Stale,151,1.12331,0.00799903,29,3,0.147438,-0.104178,0,1,0,2
832,D,Stale,151,1.11202,0.00707888,29,3,0.142755,-0.10412,0,1,0,2
833,D,Stale,155,1.11399,0.00636532,29,3,0.13625,-0.104075,0,1,0,2
834,D,Stale,155,1.10724,0.00569177,29,3,0.131969,-0.10464,0,1,0,2
835,D,NoProgress,155,1.15932,0.00447636,30,2,0.112801,-0.1,0,2,0,1
836,B,NoMoves,94,0.789893,1.06252,1,1,0.982282,0.982282,0,0,0,1
837,B,NoMoves,84,0.861891,1.02396,1,1,1,1,0,0,2,1
838,D,Stale,274,1.49829,0.0741398,28,3,0.576261,-0.0866867,0,1,0,2
839,D,Stale,109,1.09566,0.00461557,28,3,0.0983171,-0.0748142,0,2,0,1
840,D,NoProgress,119,1.1003,0.00297223,30,2,0.110452,-0.1,0,2,0,1
841,D,Stale,165,1.29118,0.00238258,30,3,0.107368,-0.1,0,2,0,1
842,W,NoMoves,75,0.939542,0.96907,3,1,1,1,2,2,0,0
843,W,NoMoves,75,0.842561,0.934367,2,1,1,1,1,0,0,0
844,D,NoProgress,184,1.33127,0.0221111,30,2,0.254915,-0.1,0,1,0,2
845,D,NoProgress,196,1.34868,0.0215433,30,2,0.349712,-0.1,1,1,0,1
846,D,NoProgress,253,1.44377,0.0128497,30,2,0.297223,-0.1,0,2,0,1
847,W,NoMoves,131,1.21392,0.892724,24,2,1,1,0,2,0,0
848,D,NoProgress,266,1.44237,0.0755401,30,2,0.499902,-0.1,0,1,0,2
849,D,Stale,203,1.41757,0.0281618,29,3,0.350078,-0.098369,0,2,0,1
850,D,NoProgress,213,1.27906,0.0080894,30,2,0.299134,-0.1,0,2,0,1
851,D,NoProgress,165,1.24059,0.00934993,30,2,0.276632,-0.1,0,2,0,1
852,W,NoMoves,75,1.00392,0.824222,1,1,1,1,2,1,0,0
853,W,NoMoves,209,1.4215,1.03267,28,2,1,1,0,1,0,0
854,B,NoMoves,88,1.15378,0.862491,11,1,1,1,0,0,2,1
855,B,NoMoves,154,1.45904,0.516119,25,2,1,1,0,0,2,1
856,D,Stale,229,1.48691,0.148951,30,3,0.547387,-0.1,0,1,0,2
857,B,NoMoves,76,0.940039,0.763952,1,1,1,1,0,0,1,1
858,D,NoProgress,140,1.24057,0.0949326,30,2,0.200231,-0.1,0,1,0,2
859,W,NoMoves,67,1.29012,0.781003,1,1,1,1,2,1,0,0
860,D,NoProgress,206,1.39242,0.0713172,30,2,0.475876,-0.1,0,1,0,2
861,D,Stale,152,1.36251,0.021411,27,3,0.250907,-0.102054,1,1,0,1
862,D,NoProgress,156,1.38271,0.105083,30,2,0.674437,-0.1,0,1,0,2
863,D,NoProgress,159,1.36944,0.0160889,30,2,0.199385,-0.1,0,2,0,1
864,D,NoProgress,219,1.56913,0.0272231,30,2,0.312505,-0.1,0,2,0,1
865,D,Stale,224,1.46517,0.011758,28,3,0.149535,-0.101574,0,2,0,1
866,D,NoProgress,222,1.50567,0.0092632,30,2,0.131829,-0.1,0,2,0,1
867,D,Stale,111,1.22938,0.0148691,29,3,0.207064,-0.0987872,0,2,0,1
868,D,NoProgress,206,1.44428,0.00542732,30,2,0.115677,-0.1,0,1,0,2
869,W,NoMoves,77,0.889987,0.933726,1,1,1,1,1,0,0,0
870,D,NoProgress,165,1.31101,0.0318792,30,2,0.322261,-0.1,0,2,0,1
871,D,NoProgress,190,1.34193,0.00517964,30,2,0.118419,-0.1,0,1,0,2
872,D,NoProgress,210,1.34039,0.00401785,30,2,0.117549,-0.1,0,1,0,2
873,D,Stale,188,1.33989,0.00427381,28,3,0.116824,-0.0855523,0,1,0,2
874,D,NoProgress,202,1.31324,0.0033839,30,2,0.114347,-0.1,0,1,0,2
875,D,Stale,204,1.37505,0.00263253,30,3,0.101295,-0.1,0,1,0,2
876,D,NoProgress,204,1.37729,0.00245659,30,2,0.101273,-0.1,0,1,0,2
877,D,NoProgress,155,1.34685,0.00241619,30,2,0.102632,-0.1,0,2,0,1
878,B,NoMoves,68,0.905029,0.998215,2,1,1,1,0,0,2,1
879,B,NoMoves,72,0.955217,0.953112,1,1,0.997228,0.997228,1,0,1,1
880,W,NoMoves,63,1.16864,0.957018,1,1,1,1,2,1,0,0
881,B,NoMoves,64,0.956116,0.875422,0,1,1,1,0,0,1,1
882,W,NoMoves,99,1.20833,1.09143,23,2,1,1,0,1,0,0
883,W,NoMoves,83,1.34352,0.905356,15,2,1,1,2,1,0,0
884,D,Stale,204,1.39548,0.0551101,26,3,0.53175,-0.106862,0,2,0,1
885,D,NoProgress,221,1.45649,0.0221137,30,2,0.293586,-0.1,0,2,0,1
886,D,NoProgress,262,1.57183,0.0163497,30,2,0.261628,-0.1,0,2,0,2
887,W,NoMoves,107,1.20499,0.916866,22,2,1,1,2,0,0,0
888,D,Stale,131,1.25447,0.01198,29,3,0.11474,-0.104659,1,1,0,2
889,B,NoMoves,62,1.13747,0.760413,1,1,1,1,0,0,6,1
890,D,Stale,225,1.55831,0.119524,29,3,0.573337,-0.0988079,0,2,0,1
891,W,NoMoves,89,1.11537,0.773368,1,1,1,1,2,1,1,0
892,B,NoMoves,112,1.38303,0.66576,15,2,0.997488,0.997488,0,0,1,2
893,D,Stale,173,1.26944,0.0441384,30,3,0.361569,-0.1,0,2,0,1
894,B,NoMoves,74,0.960189,0.87518,1,1,1,1,0,0,1,1
895,D,KvK,91,1.13961,0.111505,10,2,0.54544,-0.100163,0,1,0,1
896,B,NoMoves,62,1.04732,0.701352,1,1,1,1,1,0,4,0
897,D,Stale,107,1.22382,0.0733499,27,3,0.326417,-0.100486,0,1,0,2
898,B,NoMoves,90,1.11471,0.88774,3,1,0.994501,0.994501,0,0,0,2
899,D,NoProgress,177,1.29432,0.0722016,30,2,0.458,-0.1,0,2,0,1
900,B,NoMoves,82,0.975715,0.967927,1,1,1,1,0,0,2,0
901,D,Stale,204,1.50635,0.0219519,29,3,0.226755,-0.103584,0,2,0,1
902,D,Stale,137,1.29017,0.00869517,27,3,0.0791627,-0.0738076,1,1,1,1
903,W,NoMoves,85,1.07099,0.972728,12,2,1,1,0,1,0,0
904,B,NoMoves,168,1.39074,0.878353,28,2,1,1,0,0,0,1
905,D,Stale,128,1.45539,0.0543502,28,3,0.476047,-0.0779313,0,1,0,2
906,W,NoMoves,71,1.11953,0.980999,0,1,1,1,4,0,0,0
907,D,NoProgress,147,1.54039,0.036966,30,2,0.300723,-0.1,0,2,0,1
908,W,NoMoves,79,1.07948,0.758267,1,1,1,1,1,1,0,0
909,W,NoMoves,103,1.17019,0.880102,19,2,1,1,1,1,0,0
910,D,NoProgress,159,1.39156,0.0521701,30,2,0.435929,-0.1,0,2,0,1
911,W,NoMoves,85,1.32607,0.838477,4,1,1,1,1,1,0,0
912,W,NoMoves,69,1.09691,0.826985,1,1,1,1,2,1,0,0
913,D,NoProgress,242,1.5335,0.204257,30,2,0.735667,-0.1,0,2,0,1
914,B,NoMoves,74,1.24386,0.584346,7,1,1,1,0,0,3,1
915,D,NoProgress,142,1.39029,0.0547552,30,2,0.249644,-0.1,0,1,0,2
916,D,NoProgress,177,1.28676,0.129232,30,2,0.629529,-0.1,0,2,0,1
917,D,NoProgress,190,1.38293,0.030405,30,2,0.339913,-0.1,0,2,0,1
918,W,NoMoves,75,1.08738,0.874352,6,2,1,1,3,1,0,0
919,W,NoMoves,67,0.997199,0.658817,1,1,1,1,3,0,0,0
920,B,NoMoves,64,0.962413,0.720714,1,1,1,1,0,0,3,0
921,W,NoMoves,65,1.05201,0.788123,1,1,1,1,2,1,0,0
922,W,NoMoves,79,0.958679,0.925483,4,1,1,1,3,1,0,0
923,W,NoMoves,95,0.993906,0.972663,10,2,1,1,0,1,0,0
924,W,NoMoves,51,1.17772,0.537111,1,1,1,1,5,1,1,0
925,D,Stale,133,1.27018,0.100706,27,3,0.558358,-0.0892976,1,1,0,2
926,D,Stale,106,1.02464,0.0460437,27,3,0.243896,-0.0971642,0,2,1,1
927,D,Stale,190,1.23079,0.0185065,29,3,0.164609,-0.102802,0,2,0,1
928,B,NoMoves,104,0.93014,1.04855,19,2,1,1,0,0,0,1
929,D,Stale,162,1.3191,0.0875087,29,3,0.74446,-0.110181,0,2,0,1
930,W,NoMoves,71,1.06812,0.880549,0,1,1,1,2,0,0,0
931,D,NoProgress,118,1.21772,0.0146219,30,2,0.111864,-0.1,1,1,0,2
932,B,NoMoves,78,1.06759,0.583096,1,1,1,1,0,0,3,2
933,B,NoMoves,66,1.00602,0.648029,1,1,1,1,0,0,3,1
934,B,NoMoves,70,1.05443,0.584022,1,1,1,1,0,0,3,1
935,D,NoProgress,178,1.38722,0.060802,30,2,0.369842,-0.1,0,2,0,1
936,D,NoProgress,144,1.35879,0.0279354,30,2,0.359724,-0.1,0,2,0,1
937,D,NoProgress,190,1.32548,0.021781,30,2,0.213975,-0.1,0,1,0,2
938,D,Stale,200,1.25483,0.0114398,30,3,0.129587,-0.1,0,1,0,2
939,D,Stale,186,1.35958,0.0119682,29,3,0.173266,-0.0987897,0,1,0,2
940,D,NoProgress,189,1.36716,0.00916227,30,2,0.16125,-0.1,0,1,0,2
941,D,NoProgress,195,1.39431,0.00741111,30,2,0.148073,-0.1,0,1,0,2
942,D,NoProgress,205,1.38915,0.00866958,30,2,0.133837,-0.1,0,1,0,2
943,D,NoProgress,192,1.44432,0.00480953,30,2,0.131415,-0.1,0,2,0,2
944,D,Stale,121,1.20046,0.00525669,30,3,0.131768,-0.1,0,2,0,1
945,D,NoProgress,121,1.18073,0.00423361,30,2,0.1248,-0.1,0,2,0,1
946,W,NoMoves,63,0.841749,0.871567,0,1,1,1,2,0,0,0
947,D,Stale,220,1.38913,0.0109528,28,3,0.151481,-0.0483275,0,1,0,2
948,D,NoProgress,126,1.30245,0.0154073,30,2,0.181956,-0.1,1,1,0,2
949,D,Stale,111,1.19622,0.0126156,23,3,0.158678,-0.0707578,1,1,0,2
950,D,Stale,142,1.25885,0.0354649,28,3,0.448208,-0.0866658,0,1,0,2
951,D,Stale,214,1.32782,0.00399738,30,3,0.100404,-0.1,0,1,0,2
952,W,NoMoves,63,0.950161,0.937369,0,1,1,1,2,1,0,0
953,W,NoMoves,75,0.95184,0.892188,1,1,1,1,1,1,0,0
954,D,Stale,211,1.23581,0.0160116,30,3,0.109502,-0.1,0,2,0,1
955,B,NoMoves,78,0.847897,1.0963,1,1,1,1,0,0,1,1
956,D,NoProgress,233,1.45766,0.0180684,30,2,0.1899,-0.1,0,2,0,1
957,D,Stale,257,1.42471,0.0943894,28,3,0.691909,-0.10357,1,1,0,1
958,W,NoMoves,77,0.986644,0.814136,1,1,1,1,3,0,0,0
959,W,NoMoves,71,1.21595,0.572465,1,1,1,1,3,0,0,0
960,W,NoMoves,101,1.20738,0.833528,7,1,1,1,0,1,0,0
961,D,Stale,123,1.07443,0.0438401,30,3,0.272418,-0.1,0,2,0,1
962,D,Stale,150,1.27598,0.0284015,29,3,0.185451,-0.103315,0,2,0,1
963,D,NoProgress,151,1.30257,0.0206675,30,2,0.158291,-0.1,0,2,0,1
964,D,NoProgress,217,1.33169,0.0133504,30,2,0.265191,-0.1,0,2,0,1
965,W,NoMoves,107,1.20884,0.957107,24,2,0.983423,0.97887,0,2,1,0
966,D,Stale,192,1.40503,0.0383101,28,3,0.487615,-0.106176,0,2,0,1
967,W,NoMoves,49,1.20127,0.611461,1,1,1,1,5,1,0,0
968,B,NoMoves,128,1.29332,1.24561,28,2,1,1,0,0,1,1
969,D,NoProgress,183,1.29297,0.0689383,30,2,0.384512,-0.1,0,2,0,1
970,W,NoMoves,121,1.20582,1.09077,25,2,0.983421,0.98095,0,1,0,0
971,D,Stale,151,1.28228,0.015775,27,3,0.110036,-0.110036,0,1,0,2
972,B,NoMoves,86,1.09148,0.852881,1,1,1,1,0,0,2,1
973,W,NoMoves,73,1.22943,0.784904,1,1,1,1,5,1,0,0
974,D,NoProgress,179,1.32407,0.0134014,30,2,0.253744,-0.1,0,2,0,1
975,W,NoMoves,85,1.14429,1.11118,4,1,0.975277,0.975277,1,1,0,0
976,B,NoMoves,72,1.19414,0.946436,1,1,1,1,0,0,4,1
977,D,NoProgress,165,1.39708,0.009105,30,2,0.105733,-0.1,0,2,0,1
978,D,NoProgress,203,1.48014,0.002763,30,2,0.103217,-0.1,0,2,0,1
979,D,NoProgress,129,1.17289,0.00274467,30,2,0.106405,-0.1,0,2,0,1
980,D,NoProgress,129,1.16743,0.00222659,30,2,0.105125,-0.1,0,2,0,1
981,D,NoProgress,163,1.35045,0.00471371,30,2,0.20028,-0.1,0,2,0,1
982,W,NoMoves,85,1.13467,1.0256,4,1,0.975617,0.975617,1,1,0,0
983,W,NoMoves,71,1.05573,0.793895,1,1,1,1,2,1,1,0
984,W,NoMoves,89,1.2363,0.547114,11,1,1,1,2,2,0,0
985,D,Stale,167,1.3578,0.0546057,30,3,0.445115,-0.1,0,2,0,1
986,W,NoMoves,69,0.946457,0.738948,1,1,1,1,3,1,0,0
987,D,Stale,227,1.37934,0.0405588,29,3,0.36471,-0.105597,0,1,0,2
988,D,Stale,204,1.39601,0.0523173,29,3,0.519322,-0.102817,0,2,0,1
989,D,Stale,135,1.44591,0.0371716,27,3,0.404074,-0.0981,1,1,0,2
990,B,NoMoves,74,1.30313,0.657549,10,1,1,1,0,0,3,1
991,W,NoMoves,185,1.54601,0.473275,26,2,1,1,0,3,0,0
992,D,Stale,154,1.32825,0.279317,30,3,0.67049,-0.104659,0,2,1,1
993,D,NoProgress,166,1.19966,0.151363,30,2,0.492805,-0.1,0,2,0,1
994,D,NoProgress,165,1.22321,0.0302552,30,2,0.266349,-0.1,0,2,0,1
995,B,NoMoves,90,1.06178,0.829233,10,1,1,1,0,0,1,1
996,D,Stale,165,1.14611,0.0409853,30,3,0.409378,-0.1,0,2,0,1
997,B,NoMoves,84,1.12476,1.0692,1,1,0.992888,0.991755,1,0,1,2
998,W,NoMoves,59,0.849074,0.581663,1,1,1,1,5,0,0,0
999,D,NoProgress,301,1.44356,0.150366,30,2,0.722153,-0.1,0,2,0,1
1000,W,NoMoves,117,1.17827,0.774193,15,2,1,1,1,1,0,0
1001,D,Stale,124,1.13793,0.0224468,29,3,0.158794,-0.107483,0,2,1,1
1002,D,Stale,204,1.37776,0.0133907,29,3,0.203468,-0.1036,0,2,0,1
1003,D,NoProgress,157,1.18825,0.0226183,30,2,0.158359,-0.1,0,2,0,1
1004,D,NoProgress,136,1.38363,0.00973606,30,2,0.143834,-0.0891057,1,1,1,1
1005,D,NoProgress,181,1.39776,0.00538884,30,2,0.118912,-0.1,0,2,0,1
1006,D,NoProgress,175,1.32368,0.00465758,30,2,0.119771,-0.1,0,2,0,1
1007,D,Stale,190,1.18607,0.0144988,28,3,0.211933,-0.0818877,0,1,0,2
1008,D,Stale,166,1.27949,0.00794952,27,3,0.172336,-0.0617905,1,1,1,1
1009,D,NoProgress,188,1.39825,0.00561791,30,2,0.113473,-0.1,0,1,0,2
1010,D,NoProgress,155,1.33181,0.00616747,30,2,0.101539,-0.1,0,2,0,1
1011,D,NoProgress,152,1.21784,0.00540641,30,2,0.119571,-0.1,0,1,0,2
1012,B,NoMoves,76,0.945912,0.880311,1,1,1,1,0,0,2,1
1013,D,Stale,172,1.32249,0.00975706,29,3,0.118607,-0.102884,0,2,0,1
1014,B,NoMoves,166,1.47888,0.766574,25,2,1,1,0,0,0,2
1015,D,Stale,278,1.46091,0.0123779,29,3,0.130411,-0.0983596,0,2,0,2
1016,D,Stale,122,1.12804,0.0197269,27,3,0.154486,-0.100822,0,2,0,1
1017,B,NoMoves,76,1.02758,0.978961,9,1,1,1,0,0,1,1
1018,D,Stale,180,1.24627,0.0159811,30,3,0.100133,-0.1,0,1,0,2
1019,W,NoMoves,95,1.09312,0.988829,10,2,1,1,0,1,0,0
1020,D,Stale,105,1.14708,0.0122661,26,3,0.0988429,-0.0677859,1,1,1,1
1021,B,NoMoves,250,1.32811,0.757655,27,2,1,1,0,0,0,2
1022,B,NoMoves,72,0.873982,0.765146,0,1,1,1,0,0,3,0
1023,D,KvK,129,1.2823,0.31105,25,2,0.906211,-0.1,0,1,0,1
1024,D,KvK,151,1.27911,0.0263882,26,2,0.236254,-0.1,0,1,0,1
1025,W,NoMoves,53,0.84406,0.96644,1,1,1,1,2,1,0,0
1026,W,NoMoves,75,1.02298,0.778419,1,1,0.985762,0.984696,2,1,1,0
1027,D,Stale,131,1.2793,0.0818556,30,3,0.546175,-0.0999216,1,1,0,1
1028,B,NoMoves,60,1.03554,0.602414,1,1,1,1,0,0,4,1
1029,W,NoMoves,103,1.33788,1.04162,7,2,0.973713,0.973713,0,1,0,0
1030,B,NoMoves,68,0.921858,0.711478,1,1,1,1,0,0,4,0
1031,D,NoProgress,118,1.20635,0.139828,30,2,0.763101,-0.1,0,1,0,2
1032,D,NoProgress,111,1.16589,0.0243056,30,2,0.223236,-0.1,0,2,1,1
1033,D,NoProgress,150,1.2247,0.077436,30,2,0.47442,-0.1,0,2,0,1
1034,D,NoProgress,294,1.6288,0.113007,30,2,0.629116,-0.1,0,2,0,1
1035,B,NoMoves,54,0.987453,0.790792,1,1,1,1,0,0,6,1
1036,D,Stale,193,1.30484,0.00971745,29,3,0.17087,-0.114879,0,1,0,2
1037,D,Stale,161,1.25607,0.00644433,29,3,0.292763,-0.0941055,1,1,0,2
1038,B,NoMoves,66,1.00995,0.68306,1,1,1,1,0,0,5,0
1039,D,Stale,176,1.23699,0.00842017,28,3,0.132098,-0.100696,0,2,0,1
1040,W,NoMoves,67,1.1214,0.765823,1,1,1,1,2,1,1,0
1041,D,NoProgress,107,1.34095,0.0740071,30,2,0.574071,-0.1,0,2,0,1
1042,W,NoMoves,77,1.17767,1.17252,5,1,1,1,1,1,0,0
1043,D,Stale,169,1.2794,0.0207445,27,3,0.204065,-0.100253,0,1,0,2
1044,D,Stale,155,1.26332,0.0155643,29,3,0.166519,-0.103238,0,1,0,2
1045,D,NoProgress,210,1.35833,0.00831456,30,2,0.139425,-0.1,0,1,0,2
1046,D,NoProgress,136,1.33873,0.0166298,30,2,0.196659,-0.1,0,2,0,1
1047,B,NoMoves,62,1.11653,0.911781,3,1,1,1,0,0,1,1
1048,D,NoProgress,170,1.26241,0.0160054,30,2,0.202807,-0.1,0,1,0,2
1049,D,NoProgress,160,1.30892,0.0120027,30,2,0.159066,-0.1,0,1,0,2
1050,W,NoMoves,69,0.99004,1.0262,1,1,0.998007,0.998007,1,1,1,0
1051,W,NoMoves,55,1.19202,0.822494,1,1,1,1,3,1,1,0
1052,D,Stale,115,1.22519,0.00997766,28,3,0.237167,-0.0779526,0,2,1,1
1053,D,Stale,115,1.20362,0.00561065,28,3,0.222382,-0.0810128,0,2,1,1
1054,B,NoMoves,172,1.26113,0.99033,28,2,1,1,0,0,0,2
1055,B,NoMoves,108,1.17855,0.962875,23,2,1,1,0,0,0,1
1056,D,NoProgress,176,1.41112,0.0128905,30,2,0.145238,-0.1,0,1,0,2
1057,D,Stale,135,1.31721,0.00708746,26,3,0.107283,-0.0675631,1,1,1,1
1058,D,Stale,151,1.27198,0.00355895,28,3,0.108213,-0.0847076,0,2,0,1
1059,D,NoProgress,174,1.30047,0.00760311,30,2,0.156029,-0.1,0,1,0,2
1060,W,NoMoves,61,0.984828,0.84838,1,1,1,1,4,1,0,0
1061,W,NoMoves,73,1.03608,0.891776,1,1,1,1,2,1,1,0
1062,D,NoProgress,137,1.22611,0.0294749,30,2,0.323466,-0.1,0,2,0,1
1063,W,NoMoves,51,0.845909,0.697119,1,1,1,1,3,0,0,0
1064,D,NoProgress,115,1.29611,0.0241174,30,2,0.257481,-0.1,0,2,0,1
1065,D,Stale,115,1.34884,0.00792512,26,3,0.0974354,-0.0853861,1,1,0,2
1066,D,Stale,147,1.25316,0.00627453,29,3,0.0894046,-0.0894046,0,2,1,1
1067,D,Stale,135,1.23636,0.00263899,27,3,0.084776,-0.0751927,1,1,0,2
1068,D,Stale,135,1.22571,0.00213286,27,3,0.0869471,-0.0737257,1,1,0,2
1069,W,NoMoves,119,1.32503,0.510581,23,2,1,1,3,2,0,0
1070,D,Stale,119,1.24457,0.0360388,19,3,0.212714,-0.0674866,1,1,0,2
1071,D,Stale,107,1.12528,0.00914256,27,3,0.0788908,-0.075328,1,1,0,2
1072,B,NoMoves,104,1.11304,1.00872,18,2,1,1,0,0,0,1
1073,B,NoMoves,98,1.22206,1.00826,10,2,1,1,1,0,1,1
1074,D,NoProgress,148,1.31898,0.0102293,30,2,0.101452,-0.1,0,1,0,2
1075,D,NoProgress,247,1.46054,0.0169329,30,2,0.245347,-0.1,0,2,0,1
1076,B,NoMoves,176,1.48741,0.995057,28,2,1,1,0,0,1,1
1077,D,NoProgress,200,1.41077,0.00773153,30,2,0.100767,-0.1,0,1,0,2
1078,D,NoProgress,216,1.42328,0.00469212,30,2,0.113559,-0.1,0,1,0,2
1079,D,NoProgress,177,1.31807,0.00420198,30,2,0.111227,-0.1,0,2,0,1
1080,D,NoProgress,211,1.40936,0.0023269,30,2,0.100421,-0.1,0,2,0,1
1081,B,NoMoves,200,1.33093,0.959325,27,2,1,1,0,0,0,2
1082,B,NoMoves,106,1.31246,0.97513,24,2,1,1,0,0,2,1
1083,D,Stale,273,1.55174,0.24457,29,3,0.860768,-0.0991318,0,2,0,1
1084,W,NoMoves,135,1.45956,0.954428,23,2,1,1,1,1,0,0
1085,D,NoProgress,203,1.40997,0.00401202,30,2,0.108647,-0.1,0,2,0,1
1086,D,NoProgress,209,1.41903,0.00338007,30,2,0.148868,-0.1,0,2,0,1
1087,D,NoProgress,202,1.40267,0.0027209,30,2,0.125456,-0.1,0,1,0,2
1088,D,Stale,187,1.51555,0.00426849,28,3,0.116347,-0.113877,0,1,0,2
1089,D,Stale,194,1.52749,0.00320521,30,3,0.101774,-0.1,0,1,0,2
1090,W,NoMoves,77,1.00626,0.92694,14,2,1,1,3,0,0,0
1091,D,NoProgress,198,1.39914,0.00482528,30,2,0.108449,-0.1,0,1,0,2
1092,D,NoProgress,173,1.35495,0.00531087,30,2,0.107207,-0.1,0,2,0,1
1093,D,NoProgress,177,1.43403,0.00367052,30,2,0.100564,-0.1,0,2,0,1
1094,D,NoProgress,208,1.38306,0.00254834,30,2,0.10054,-0.1,0,1,0,2
1095,D,Stale,144,1.39373,0.0026476,29,3,0.108622,-0.103033,1,1,0,1
1096,D,Stale,176,1.35245,0.00240527,29,3,0.104512,-0.100643,0,2,0,1
1097,B,NoMoves,168,1.48042,1.00834,25,2,0.985821,0.981829,1,0,0,1
1098,W,NoMoves,127,1.32972,1.00566,27,2,1,1,1,0,0,0
1099,W,NoMoves,89,1.11152,0.977827,28,2,1,1,2,1,1,0
1100,B,NoMoves,66,1.10741,0.700796,1,1,1,1,0,0,4,1
1101,D,NoProgress,171,1.32519,0.0290438,30,2,0.103607,-0.1,0,2,0,1
1102,D,NoProgress,182,1.35352,0.00557733,30,2,0.100339,-0.1,0,1,0,2
1103,B,NoMoves,102,1.24511,0.956261,25,2,1,1,0,0,1,1
1104,D,NoProgress,184,1.3475,0.0178182,30,2,0.320129,-0.1,0,1,0,2
1105,W,NoMoves,67,1.18626,0.934194,1,1,1,1,3,1,0,0
1106,D,NoProgress,188,1.47987,0.00763181,30,2,0.121502,-0.1,0,1,0,2
1107,W,NoMoves,109,1.29399,0.478627,23,2,1,1,3,1,0,0
1108,W,NoMoves,81,1.07317,0.925512,5,1,0.984777,0.983392,1,2,1,0
1109,D,Stale,159,1.28308,0.0271273,27,3,0.37036,-0.0905963,0,2,1,1
1110,D,NoProgress,111,1.20527,0.0184994,30,2,0.34008,-0.0992657,1,1,1,1
1111,D,Stale,157,1.34819,0.00715842,29,3,0.0858745,-0.0858745,1,1,1,1
1112,D,Stale,203,1.40543,0.00640753,29,3,0.0871462,-0.0871462,1,1,0,2
1113,D,Stale,122,1.30596,0.0150355,30,3,0.186033,-0.1,1,1,0,2
1114,D,NoProgress,179,1.55923,0.172367,30,2,0.715557,-0.1,0,1,0,2
1115,W,NoMoves,109,1.18331,0.931193,16,2,1,1,2,0,0,0
1116,D,NoProgress,167,1.53219,0.0164965,30,2,0.212081,-0.1,0,2,0,2
1117,B,NoMoves,60,0.908475,0.945983,1,1,1,1,0,0,1,1
1118,D,NoProgress,161,1.29591,0.0231057,30,2,0.171106,-0.1,0,2,0,1
1119,B,NoMoves,70,0.909756,0.7983,1,1,1,1,0,0,2,1
1120,B,NoMoves,74,1.08919,1.09937,1,1,1,1,0,0,1,1
1121,D,NoProgress,257,1.38757,0.234227,30,2,0.850205,-0.1,0,2,0,1
1122,B,NoMoves,56,1.08353,0.678176,1,1,1,1,1,0,6,2
1123,D,NoProgress,184,1.34445,0.0127762,30,2,0.104124,-0.1,0,1,0,2
1124,D,NoProgress,145,1.31085,0.00527587,30,2,0.1,-0.1,0,2,1,1
1125,W,NoMoves,97,1.30416,0.970461,13,2,1,1,2,0,0,0
1126,B,NoMoves,74,0.931289,0.940217,1,1,1,1,0,0,2,1
1127,D,NoProgress,82,1.36516,0.00857944,30,2,0.0866306,-0.0866306,2,1,2,1
1128,B,NoMoves,98,1.21595,0.859354,19,2,1,1,0,0,2,1
1129,B,NoMoves,62,1.27031,0.767212,1,1,1,1,0,0,4,1
1130,D,NoProgress,115,1.17615,0.0358098,30,2,0.328938,-0.1,0,2,0,1
1131,D,NoProgress,251,1.44602,0.0178402,30,2,0.338804,-0.1,0,2,0,2
1132,W,NoMoves,69,0.983323,0.9414,1,1,1,1,2,1,1,0
