game,winner,reason,plies,policy_loss,value_loss
1,W,NoMoves,53,1.33366,1.26255
2,B,NoMoves,64,1.26399,1.99786
3,W,NoMoves,69,1.39081,2.0282
4,D,Stale,80,1.46604,0.975391
5,D,Stale,126,1.77968,0.919047
6,W,NoMoves,49,1.21398,2.03375
7,D,Stale,233,2.23612,0.761149
8,W,NoMoves,55,1.13502,1.31588
9,D,Stale,72,1.19895,0.523143
10,W,NoMoves,51,1.4132,1.51987
11,B,NoMoves,40,1.19592,1.24631
12,W,NoMoves,45,1.37809,1.02042
13,B,NoMoves,168,1.75552,1.00813
14,B,NoMoves,52,1.42668,0.992045
15,B,NoMoves,60,1.38863,1.02974
16,W,NoMoves,61,1.43267,0.988671
17,D,Stale,77,1.44167,0.0293463
18,W,NoMoves,65,1.28379,0.952197
19,D,Stale,77,1.68537,0.0239862
20,B,NoMoves,134,1.77834,1.01724
21,W,NoMoves,45,1.29173,0.845917
22,B,NoMoves,54,1.32197,0.859287
23,B,NoMoves,58,1.15341,1.24302
24,W,NoMoves,69,1.43624,1.29888
25,B,NoMoves,56,1.50304,0.931246
26,W,NoMoves,57,1.38978,0.980197
27,W,NoMoves,73,1.34005,0.993736
28,B,NoMoves,80,1.42104,0.974739
29,W,NoMoves,75,1.31191,0.995178
30,W,NoMoves,51,1.2964,0.991857
31,W,NoMoves,95,1.57111,1.00113
32,D,Stale,81,1.46183,0.0151601
33,D,Stale,278,2.10944,0.0105153
34,W,NoMoves,63,1.53837,0.86028
35,B,NoMoves,74,1.34607,1.00298
36,W,NoMoves,63,1.46682,1.0707
37,B,NoMoves,74,1.3236,1.18522
38,W,NoMoves,61,1.32398,0.968602
39,W,NoMoves,51,1.42155,0.982998
40,B,NoMoves,58,1.30998,0.973765
41,D,Stale,159,1.78451,0.00595826
42,B,NoMoves,72,1.40504,1.08383
43,B,NoMoves,68,1.29175,0.995953
44,B,NoMoves,96,1.51762,0.968544
45,B,NoMoves,52,1.13814,0.958002
46,W,NoMoves,73,1.29498,1.03501
47,W,NoMoves,47,1.1555,0.927398
48,W,NoMoves,65,1.2842,0.933214
49,W,NoMoves,53,1.28911,0.850048
50,W,NoMoves,81,1.3365,1.24615
51,B,NoMoves,60,1.27584,1.05744
52,B,NoMoves,58,1.29536,1.04086
53,D,Stale,136,1.72494,0.0181336
54,D,Stale,106,1.63885,0.00238611
55,W,NoMoves,69,1.3408,0.893936
56,B,NoMoves,56,1.28042,0.919669
57,W,NoMoves,65,1.33655,0.839913
58,B,NoMoves,56,1.25697,1.39927
59,W,NoMoves,51,1.31783,1.05845
60,W,NoMoves,53,1.25258,1.0076
61,W,NoMoves,45,1.30441,0.998905
62,D,Stale,140,1.8377,0.027982
63,W,NoMoves,63,1.35078,0.925457
64,B,NoMoves,44,1.4413,0.874128
65,W,NoMoves,59,1.30243,0.960689
66,B,NoMoves,58,1.26393,0.773355
67,W,NoMoves,63,1.31798,1.1859
68,B,NoMoves,40,1.28214,1.27541
69,B,NoMoves,48,1.1884,0.967435
70,D,Stale,170,1.89552,0.0199131
71,W,NoMoves,73,1.55441,0.972238
72,D,Stale,262,1.87382,0.031
73,W,NoMoves,73,1.34238,0.990864
74,D,Stale,200,1.80504,0.00628683
75,D,Stale,152,1.77128,0.00215726
76,D,Stale,249,1.8342,0.0068314
77,B,NoMoves,60,1.27317,0.94769
78,D,Stale,113,1.87259,0.00610304
79,B,NoMoves,60,1.09121,0.977505
80,D,Stale,313,1.92165,0.0323432
81,W,NoMoves,59,1.27091,0.960182
82,W,NoMoves,65,1.28103,0.891845
83,B,NoMoves,62,1.47847,0.676597
84,D,Stale,166,1.8088,0.138494
85,D,Stale,209,2.0332,0.08624
86,B,NoMoves,60,1.22321,0.86434
87,W,NoMoves,67,1.24915,0.837554
88,D,Stale,332,1.90786,0.200729
89,W,NoMoves,105,1.56861,0.967143
90,B,NoMoves,78,1.32076,0.934423
91,D,Stale,110,1.56407,0.0122187
92,W,NoMoves,63,1.34737,0.853381
93,D,Stale,432,1.97207,0.110721
94,D,Stale,102,1.61859,0.0170558
95,B,NoMoves,60,1.2804,0.826304
96,B,NoMoves,66,1.2718,0.689022
97,D,Stale,168,1.81582,0.11484
98,W,NoMoves,89,1.55375,0.883196
99,D,Stale,91,1.34398,0.416328
100,B,NoMoves,54,1.19942,0.977819
101,B,NoMoves,56,1.20817,0.887863
102,B,NoMoves,72,1.28697,0.820357
103,W,NoMoves,141,1.69396,0.841932
104,B,NoMoves,128,1.61583,0.773059
105,W,NoMoves,73,1.28207,0.61709
106,B,NoMoves,58,1.36136,0.596522
107,D,Stale,108,1.38865,0.336101
108,W,NoMoves,55,1.22341,0.827318
109,B,NoMoves,56,1.17544,0.658674
110,W,NoMoves,77,1.29398,0.602383
111,D,Stale,89,1.27378,0.0927604
112,B,NoMoves,78,1.43565,1.03797
113,W,NoMoves,181,1.83929,0.869666
114,W,NoMoves,63,1.25141,1.01896
115,B,NoMoves,62,1.22507,0.805243
116,D,Stale,385,2.00747,0.111919
117,W,NoMoves,73,1.23822,1.0225
118,D,Stale,77,1.34761,0.02268
119,D,Stale,299,1.87467,0.087171
120,D,Stale,133,1.73207,0.00934246
121,B,NoMoves,64,1.21147,0.970807
122,D,Stale,52,1.18793,0.00263687
123,B,NoMoves,54,1.09458,0.967707
124,D,Stale,102,1.5236,0.0334735
125,B,NoMoves,68,1.21536,0.863258
126,D,Stale,198,1.8948,0.0855873
127,D,Stale,105,1.47218,0.0108011
128,B,NoMoves,66,1.32502,0.851569
129,D,Stale,227,1.86027,0.0676086
130,D,Stale,152,1.61625,0.0140207
131,W,NoMoves,65,1.17473,0.711065
132,D,Stale,222,1.70733,0.0376756
133,W,NoMoves,65,1.1034,0.911271
134,W,NoMoves,75,1.47915,0.7878
135,D,Stale,130,1.52278,0.144339
136,D,Stale,193,1.89592,0.0229514
137,D,Stale,72,1.25068,0.0174207
138,D,Stale,132,1.69426,0.0176904
139,B,NoMoves,84,1.37299,0.699971
140,W,NoMoves,73,1.22492,0.834368
141,D,Stale,164,1.60003,0.0850497
142,W,NoMoves,71,1.08571,0.889815
143,D,Stale,114,1.43102,0.0538635
144,D,Stale,118,1.41112,0.0280485
145,D,Stale,187,1.73448,0.0287444
146,W,NoMoves,59,1.11808,0.699521
147,D,Stale,151,1.6113,0.0442032
148,D,Stale,173,1.60137,0.108945
149,D,Stale,107,1.34896,0.0233811
150,B,NoMoves,68,1.11428,0.912225
151,D,Stale,231,1.68814,0.100808
152,D,Stale,90,1.25626,0.00786407
153,D,Stale,98,1.34678,0.00415325
154,W,NoMoves,53,1.00574,0.885594
155,W,NoMoves,73,1.03406,0.930381
156,W,NoMoves,81,1.27813,0.736916
157,D,Stale,336,1.71404,0.195458
158,B,NoMoves,106,1.33475,1.13014
159,W,NoMoves,97,1.50741,0.779505
160,B,NoMoves,86,1.19412,0.900782
161,B,NoMoves,74,1.20057,0.739785
162,W,NoMoves,177,1.65107,0.769527
163,D,Stale,168,1.46715,0.346472
164,B,NoMoves,126,1.44928,1.15378
165,B,NoMoves,62,1.08936,0.796494
166,D,Stale,76,1.18866,0.0425463
167,W,NoMoves,65,1.01372,1.04368
168,B,NoMoves,60,1.07606,0.976305
169,D,Stale,89,1.37525,0.00724151
170,B,NoMoves,58,1.14496,0.736928
171,W,NoMoves,71,1.24786,0.592696
172,D,Stale,108,1.44104,0.200743
173,B,NoMoves,96,1.43521,0.712181
174,B,NoMoves,212,1.74307,0.326955
175,W,NoMoves,73,1.16241,0.700328
176,D,Stale,78,1.27629,0.0678635
177,W,NoMoves,105,1.34956,0.945171
178,W,NoMoves,77,1.14144,0.812686
179,D,Stale,159,1.57796,0.0669496
180,B,NoMoves,78,1.25532,0.866599
181,D,Stale,345,1.90596,0.0894439
182,D,Stale,105,1.47293,0.0199965
183,B,NoMoves,92,1.24845,0.944868
184,B,NoMoves,186,1.48063,0.818181
185,B,NoMoves,60,1.06055,0.777732
186,D,Stale,479,1.81499,0.169652
187,D,Stale,93,1.158,0.0326714
188,D,Stale,139,1.36074,0.0821081
189,B,NoMoves,70,1.02399,0.801539
190,W,NoMoves,63,1.13143,0.896215
191,D,Stale,122,1.4495,0.0355947
192,D,Stale,97,1.28266,0.00806018
193,D,Stale,94,1.18877,0.0202606
194,W,NoMoves,83,1.20104,0.994533
195,W,NoMoves,65,1.02602,0.618064
196,D,Stale,272,1.56582,0.0934163
197,W,NoMoves,79,0.986888,0.733322
198,B,NoMoves,64,1.0532,0.537827
199,B,NoMoves,58,1.01387,0.787086
200,W,NoMoves,73,1.29654,0.749514
201,W,NoMoves,237,1.62238,0.432395
202,W,NoMoves,47,1.04997,0.445223
203,B,NoMoves,78,1.22825,1.70262
204,B,NoMoves,52,1.04321,0.966118
205,W,NoMoves,63,1.17259,0.604894
206,W,NoMoves,73,1.20421,0.75953
207,B,NoMoves,66,0.993577,0.967048
208,B,NoMoves,64,1.13858,0.752222
209,D,Stale,446,1.92987,0.166746
210,W,NoMoves,47,0.93199,0.646919
211,D,Stale,167,1.52367,0.106113
212,W,NoMoves,79,1.19023,0.534869
213,B,NoMoves,74,1.14748,0.606932
214,D,Stale,346,1.72896,0.353488
215,B,NoMoves,68,1.07953,0.568598
216,D,Stale,251,1.46687,0.267565
217,D,Stale,222,1.52374,0.0234514
218,B,NoMoves,74,1.15327,0.952751
219,B,NoMoves,76,1.08443,0.934466
220,W,NoMoves,55,1.07929,0.616055
221,D,Stale,264,1.68244,0.166561
222,B,NoMoves,68,1.05635,0.706838
223,B,NoMoves,66,1.01383,0.63139
224,D,Stale,473,1.84474,0.0519122
225,B,NoMoves,82,1.20705,0.693298
226,B,NoMoves,64,0.994423,0.778236
227,D,Stale,388,1.75184,0.323882
228,D,Stale,123,1.37657,0.0241848
229,D,Stale,147,1.42264,0.00633845
230,B,NoMoves,74,1.08954,0.740348
231,D,Stale,97,1.24481,0.012257
232,D,Stale,97,1.19226,0.00573514
233,D,Stale,371,1.74277,0.0700816
234,D,Stale,184,1.42655,0.0705962
235,W,NoMoves,67,0.974427,0.785659
236,D,Stale,90,1.14147,0.0166097
237,B,NoMoves,66,1.06037,0.795441
238,D,Stale,72,1.1916,0.00907284
239,D,Stale,164,1.355,0.0357249
240,B,NoMoves,192,1.46912,0.842323
241,D,Stale,224,1.35041,0.215143
242,W,NoMoves,67,1.05933,0.706837
243,D,Stale,108,1.24266,0.120213
244,W,NoMoves,69,1.234,1.01376
245,D,Stale,211,1.72211,0.101289
246,D,Stale,85,1.08132,0.00325067
247,D,Stale,85,1.057,0.00177678
248,D,Stale,85,1.03298,0.00134297
249,D,Stale,85,1.01123,0.00109155
250,D,Stale,85,0.987553,0.000893936
251,D,Stale,201,1.37152,0.0465165
252,W,NoMoves,51,0.955144,0.709802
253,W,NoMoves,69,1.02503,0.721471
254,W,NoMoves,73,1.1621,0.757535
255,W,NoMoves,81,1.10736,0.82836
256,D,Stale,143,1.36631,0.0149274
257,B,NoMoves,74,1.08983,0.849021
258,W,NoMoves,85,1.16464,0.773942
259,B,NoMoves,74,1.2251,0.87779
260,W,NoMoves,79,1.2413,0.904996
261,D,Stale,370,1.61466,0.255372
262,W,NoMoves,53,1.04633,0.812483
263,B,NoMoves,58,1.16132,0.900305
264,B,NoMoves,60,1.20823,0.783348
265,D,Stale,145,1.29203,0.128334
266,B,NoMoves,98,1.32414,0.905785
267,W,NoMoves,75,1.30195,0.67464
268,D,Stale,683,1.93398,0.206895
269,D,Stale,426,1.65275,0.153222
270,B,NoMoves,66,1.05235,0.789436
271,D,Stale,87,1.28771,0.0254788
272,W,NoMoves,67,1.17899,1.00108
273,W,NoMoves,55,1.12612,0.912338
274,B,NoMoves,66,1.17879,0.835861
275,D,Stale,91,1.23683,0.0222308
276,D,Stale,118,1.21202,0.00868846
277,W,NoMoves,49,1.06746,0.747125
278,D,Stale,307,1.46264,0.0932979
279,D,Stale,86,1.11656,0.00592046
280,W,NoMoves,541,1.59687,0.516924
281,B,NoMoves,108,1.4109,1.47915
282,B,NoMoves,60,0.925642,0.85658
283,D,Stale,224,1.58688,0.0667771
284,B,NoMoves,162,1.43869,0.70492
285,W,NoMoves,169,1.38279,0.346386
286,D,Stale,234,1.66689,0.149644
287,D,Stale,393,1.48793,0.199902
288,B,NoMoves,262,1.71667,0.382878
289,B,NoMoves,70,1.1908,0.680453
290,B,NoMoves,76,1.28205,0.807363
291,B,NoMoves,46,1.2933,0.516221
292,W,NoMoves,57,1.05891,0.601022
293,B,NoMoves,54,0.93718,1.57847
294,B,NoMoves,68,1.19476,1.00963
295,D,Stale,85,1.01177,0.419232
296,W,NoMoves,57,1.01542,0.641956
297,D,Stale,79,1.16483,0.0148654
298,D,Stale,192,1.55844,0.0291717
299,D,Stale,90,1.2426,0.0583896
300,W,NoMoves,71,1.12429,0.95758
301,D,Stale,96,1.17849,0.016709
302,D,Stale,98,1.12678,0.0318858
303,W,NoMoves,71,1.15485,0.819907
304,B,NoMoves,62,1.0346,0.711029
305,W,NoMoves,91,1.1718,0.565145
306,D,Stale,314,1.48823,0.275092
307,W,NoMoves,63,1.05546,0.824227
308,D,Stale,369,1.43409,0.16413
309,B,NoMoves,68,1.04199,0.950937
310,B,NoMoves,66,1.07809,0.850561
311,D,Stale,159,1.43958,0.0125391
312,D,Stale,81,1.31066,0.0163171
313,D,Stale,77,1.33555,0.0101213
314,W,NoMoves,75,1.11904,0.8627
315,D,Stale,118,1.25125,0.00657929
316,D,Stale,130,1.19326,0.00260041
317,D,Stale,100,1.08542,0.00470465
318,D,Stale,97,1.0174,0.00309737
319,D,Stale,69,0.896438,0.000754511
320,D,Stale,91,1.25044,0.0120925
321,D,Stale,476,1.38971,0.126392
322,W,NoMoves,65,1.04833,0.971983
323,B,NoMoves,64,1.0722,0.897405
324,W,NoMoves,61,1.20733,0.858099
325,B,NoMoves,82,1.17388,0.883269
326,B,NoMoves,76,1.19159,0.833381
327,B,NoMoves,58,1.03104,0.80651
328,D,Stale,532,1.46929,0.183153
329,D,Stale,107,1.15144,0.0186485
330,B,NoMoves,78,1.10319,0.870702
331,B,NoMoves,60,0.959401,0.743409
332,D,Stale,249,1.34725,0.0450444
333,W,NoMoves,65,1.06913,0.698327
334,D,Stale,200,1.28627,0.104247
335,D,Stale,72,1.05991,0.0037624
336,D,Stale,96,1.15534,0.00639941
337,D,Stale,155,1.27966,0.0118967
338,D,Stale,110,1.15779,0.019681
339,B,NoMoves,62,1.038,0.699191
340,B,NoMoves,68,0.953125,0.665984
341,B,NoMoves,72,1.33967,0.581224
342,W,NoMoves,73,1.14755,1.21757
343,B,NoMoves,78,1.16147,0.854564
344,D,Stale,163,1.30728,0.0766903
345,B,NoMoves,72,1.14973,0.868352
346,W,NoMoves,49,1.05386,0.648171
347,B,NoMoves,58,1.1346,0.868852
348,W,NoMoves,87,1.1994,0.620994
349,W,NoMoves,53,1.17521,0.622619
350,D,Stale,81,1.31728,0.19639
351,D,Stale,178,1.22082,0.0630951
352,D,Stale,81,1.07049,0.0152087
353,D,Stale,106,1.1755,0.0263779
354,W,NoMoves,71,1.00249,0.922618
355,W,NoMoves,95,1.19565,1.02389
356,W,NoMoves,71,1.12542,0.830944
357,D,Stale,69,1.02968,0.0157066
358,W,NoMoves,73,1.08153,0.754806
359,D,Stale,331,1.44907,0.213238
360,D,Stale,74,0.998269,0.00213905
361,D,Stale,74,0.968239,0.00111582
362,D,Stale,88,1.05214,0.00621327
363,W,NoMoves,65,1.07025,0.918517
364,D,Stale,105,1.28743,0.0304774
365,D,Stale,73,1.0454,0.00265315
366,W,NoMoves,73,1.04578,0.972577
367,D,Stale,107,1.07356,0.002705
368,D,Stale,87,1.07006,0.00147754
369,D,Stale,102,1.23576,0.007121
370,B,NoMoves,56,1.15367,0.631629
371,D,Stale,91,1.27852,0.0406409
372,W,NoMoves,69,1.15044,0.740804
373,D,Stale,182,1.27527,0.0627346
374,D,Stale,123,1.43819,0.0605124
375,D,Stale,73,1.13785,0.00653624
376,D,Stale,190,1.31993,0.086613
377,B,NoMoves,68,1.0118,0.788585
378,B,NoMoves,78,1.04031,0.852639
379,D,Stale,77,1.08892,0.0197966
380,B,NoMoves,68,1.01733,0.923527
381,D,Stale,339,1.29069,0.0889988
382,W,NoMoves,67,1.07929,0.875915
383,W,NoMoves,81,1.14489,0.95252
384,W,NoMoves,67,1.20585,0.704316
385,B,NoMoves,56,1.15247,0.600642
386,W,NoMoves,61,1.2124,0.990641
387,D,Stale,472,1.37983,0.148639
388,B,NoMoves,64,0.931152,0.934548
389,B,NoMoves,66,0.973551,0.764609
390,W,NoMoves,93,1.14176,0.742467
391,B,NoMoves,118,1.39134,1.23836
392,B,NoMoves,148,1.28612,0.904272
393,B,NoMoves,426,1.47952,0.713518
394,D,Stale,79,1.01786,0.151222
395,D,Stale,78,0.953769,0.219204
396,W,NoMoves,71,1.03602,0.883337
397,D,Stale,154,1.17155,0.0633435
398,D,Stale,177,1.25443,0.0713178
399,B,NoMoves,72,1.15528,0.835337
400,D,Stale,69,0.996461,0.000556696
401,B,NoMoves,64,0.98379,0.91653
402,B,NoMoves,152,1.29507,0.92334
403,D,Stale,94,1.15317,0.0113902
404,W,NoMoves,93,1.14275,0.799705
405,D,Stale,80,0.784953,0.0156873
406,D,Stale,87,0.927712,0.015948
407,D,Stale,150,1.25384,0.00810119
408,W,NoMoves,65,0.907412,0.890941
409,W,NoMoves,63,1.09532,0.924357
410,W,NoMoves,79,1.09449,0.685861
411,D,Stale,172,1.16118,0.0529502
412,D,Stale,84,1.11502,0.036052
413,W,NoMoves,63,1.03849,0.745169
414,W,NoMoves,67,0.986906,0.814495
415,D,Stale,110,1.49307,0.0376438
416,B,NoMoves,66,1.14394,0.868222
417,B,NoMoves,68,0.919126,0.613665
418,D,Stale,73,1.15763,0.0522016
419,D,Stale,125,1.16317,0.0511696
420,D,Stale,174,1.23206,0.0922528
421,D,Stale,249,1.48622,0.0821535
422,D,Stale,104,1.15305,0.0434339
423,D,Stale,90,1.27892,0.00255915
424,W,NoMoves,101,1.26434,0.585733
425,B,NoMoves,66,1.09716,1.10757
426,B,NoMoves,66,1.03806,0.867767
427,W,NoMoves,99,1.21087,0.617849
428,D,Stale,93,1.15473,0.0356246
429,W,NoMoves,63,1.0451,0.694968
430,D,Stale,91,1.10053,0.0638647
431,B,NoMoves,154,1.22351,0.97556
432,D,Stale,123,1.23328,0.0406408
433,D,Stale,134,1.21907,0.0237847
434,B,NoMoves,72,0.93334,0.892917
435,D,Stale,147,1.18141,0.0370154
436,D,Stale,100,1.04659,0.00278663
437,D,Stale,86,1.12375,0.0126245
438,W,NoMoves,105,1.24921,0.462805
439,D,Stale,119,1.17303,0.00619844
440,B,NoMoves,72,1.05482,0.695674
441,D,Stale,205,1.35077,0.0172001
442,W,NoMoves,69,1.09704,0.786284
443,D,Stale,89,1.0938,0.0474584
444,W,NoMoves,65,1.00571,0.669189
445,W,NoMoves,271,1.45309,0.751409
446,W,NoMoves,85,1.35932,1.54662
447,W,NoMoves,197,1.27455,0.857217
448,W,NoMoves,67,1.14485,1.14739
449,D,Stale,152,1.1345,0.0764362
450,D,Stale,74,0.918314,0.00800134
451,B,NoMoves,80,0.992101,0.737311
452,D,Stale,234,1.42583,0.0900289
453,D,Stale,168,1.23201,0.053892
454,D,Stale,81,0.950848,0.00174664
455,D,Stale,240,1.39741,0.0780961
456,D,Stale,117,1.14148,0.00106764
457,W,NoMoves,81,1.01854,0.991248
458,D,Stale,98,1.13798,0.0109312
459,W,NoMoves,155,1.54673,0.511523
460,D,Stale,164,1.08669,0.0513678
461,D,Stale,102,1.14421,0.0392528
462,W,NoMoves,63,0.972605,0.96243
463,W,NoMoves,125,1.3213,0.498727
464,D,Stale,80,1.0723,0.0112853
465,D,Stale,163,1.30623,0.0566847
466,D,Stale,81,0.930153,0.0245288
467,D,Stale,113,1.11656,0.137108
468,B,NoMoves,62,1.18096,0.854777
469,D,Stale,176,1.26189,0.0270965
470,D,Stale,125,1.05041,0.0022055
471,D,Stale,121,1.01767,0.00186302
472,D,Stale,121,0.999688,0.00156074
473,D,Stale,121,0.980086,0.00131405
474,D,Stale,80,0.757459,0.0057751
475,D,Stale,93,0.877529,0.00163326
476,D,Stale,80,0.715141,0.00389703
477,D,Stale,80,0.688523,0.0029154
478,D,Stale,133,0.957401,0.00463401
479,D,Stale,129,0.921263,0.00197046
480,D,Stale,85,0.775975,0.00183654
481,D,Stale,73,0.610179,0.00194667
482,D,Stale,73,0.589208,0.00146924
483,D,Stale,73,0.572493,0.0011577
484,D,Stale,73,0.557705,0.000921865
485,D,Stale,73,0.528946,0.00075895
486,D,Stale,73,0.531818,0.000690073
487,D,Stale,85,0.719714,0.000917132
488,D,Stale,85,0.702013,0.000687544
489,D,Stale,80,0.762642,0.00406345
490,B,NoMoves,70,0.925699,0.857501
491,W,NoMoves,77,1.11819,0.974054
492,B,NoMoves,68,0.902026,0.964765
493,B,NoMoves,134,1.42381,0.559513
494,D,Stale,125,1.3347,0.0725714
495,D,Stale,150,1.3941,0.0230791
496,B,NoMoves,106,1.2958,0.820691
497,W,NoMoves,67,0.857091,0.809867
498,W,NoMoves,87,0.983248,1.54765
499,D,Stale,100,0.949399,0.0105821
500,D,Stale,86,0.89175,0.00892797
501,D,Stale,90,0.872831,0.00727543
502,B,NoMoves,80,0.990518,0.837989
503,D,Stale,157,1.31144,0.0299761
504,D,Stale,144,1.37042,0.0121031
505,D,Stale,149,1.01042,0.0177019
506,D,Stale,105,0.88255,0.0127794
507,W,NoMoves,75,0.971336,0.838053
508,D,Stale,95,1.03346,0.0101493
509,D,Stale,77,0.849599,0.019523
510,D,Stale,84,1.03734,0.00453679
511,D,Stale,73,0.827448,0.0155312
512,D,Stale,200,1.23394,0.0277429
513,B,NoMoves,88,1.05769,1.02072
514,D,Stale,108,1.12554,0.00371522
515,D,Stale,112,1.08651,0.000791842
516,W,NoMoves,69,0.851516,1.00775
517,D,Stale,90,0.871524,0.00154696
